cid,cid_shuffled,cid_shuffled_std,cid_normalized,compression_gain,snapshot,nbins,n_particles,snapshot_num
0.112319,0.171723,0.0,0.6540708000675507,0.3459291999324493,snapshot_1.xyz,32,10000,1
0.175026,0.177927,0.0,0.9836955605388726,0.016304439461127362,snapshot_2.xyz,32,10000,2
0.169143,0.179706,0.0,0.9412206604120061,0.05877933958799386,snapshot_3.xyz,32,10000,3
0.167222,0.180759,0.0,0.9251102296427841,0.07488977035721589,snapshot_4.xyz,32,10000,4
0.167421,0.181745,0.0,0.9211862774766844,0.07881372252331564,snapshot_5.xyz,32,10000,5
0.168481,0.180956,0.0,0.9310605893145294,0.0689394106854706,snapshot_6.xyz,32,10000,6
0.167289,0.181745,0.0,0.9204599851440205,0.0795400148559795,snapshot_7.xyz,32,10000,7
0.167951,0.182272,0.0,0.9214306091994382,0.0785693908005618,snapshot_8.xyz,32,10000,8
0.169209,0.181285,0.0,0.9333866563698044,0.06661334363019555,snapshot_9.xyz,32,10000,9
0.168945,0.182797,0.0,0.9242219511261127,0.07577804887388728,snapshot_10.xyz,32,10000,10
0.169342,0.183258,0.0,0.9240633423916008,0.07593665760839918,snapshot_11.xyz,32,10000,11
0.168812,0.181614,0.0,0.9295098395498144,0.07049016045018563,snapshot_12.xyz,32,10000,12
0.168481,0.182272,0.0,0.9243383514747191,0.0756616485252809,snapshot_13.xyz,32,10000,13
0.169474,0.1826,0.0,0.9281161007667031,0.07188389923329686,snapshot_14.xyz,32,10000,14
0.168812,0.182074,0.0,0.9271614837923041,0.07283851620769588,snapshot_15.xyz,32,10000,15
0.169673,0.182337,0.0,0.9305461864569451,0.06945381354305491,snapshot_16.xyz,32,10000,16
0.170863,0.181482,0.0,0.941487310036257,0.058512689963743036,snapshot_17.xyz,32,10000,17
0.171393,0.18168,0.0,0.9433784676354028,0.056621532364597216,snapshot_18.xyz,32,10000,18
0.171062,0.181548,0.0,0.9422411703791835,0.057758829620816465,snapshot_19.xyz,32,10000,19
0.170467,0.182403,0.0,0.9345624797837755,0.06543752021622451,snapshot_20.xyz,32,10000,20
0.172847,0.182206,0.0,0.9486350614140039,0.05136493858599611,snapshot_21.xyz,32,10000,21
0.17245,0.181745,0.0,0.9488569149082505,0.051143085091749474,snapshot_22.xyz,32,10000,22
0.171393,0.18214,0.0,0.9409959371911716,0.05900406280882842,snapshot_23.xyz,32,10000,23
0.172582,0.180956,0.0,0.9537235571078052,0.04627644289219479,snapshot_24.xyz,32,10000,24
0.171657,0.181285,0.0,0.9468902556747663,0.05310974432523374,snapshot_25.xyz,32,10000,25
0.172384,0.181943,0.0,0.9474615676338195,0.0525384323661805,snapshot_26.xyz,32,10000,26
0.171525,0.181219,0.0,0.9465067128722707,0.05349328712772927,snapshot_27.xyz,32,10000,27
0.172979,0.181811,0.0,0.9514220811722063,0.04857791882779372,snapshot_28.xyz,32,10000,28
0.172913,0.182337,0.0,0.9483154817727615,0.05168451822723852,snapshot_29.xyz,32,10000,29
0.173903,0.182732,0.0,0.9516833395354946,0.048316660464505445,snapshot_30.xyz,32,10000,30
0.172847,0.182666,0.0,0.9462461541830445,0.053753845816955526,snapshot_31.xyz,32,10000,31
0.173177,0.182535,0.0,0.9487331196756786,0.05126688032432136,snapshot_32.xyz,32,10000,32
0.173837,0.18168,0.0,0.9568306913254072,0.04316930867459279,snapshot_33.xyz,32,10000,33
0.173309,0.181943,0.0,0.9525455774610729,0.047454422538927066,snapshot_34.xyz,32,10000,34
0.174564,0.181285,0.0,0.9629257798494084,0.037074220150591586,snapshot_35.xyz,32,10000,35
0.17496,0.183783,0.0,0.9519922952612592,0.04800770473874083,snapshot_36.xyz,32,10000,36
0.173969,0.182469,0.0,0.9534167447621241,0.046583255237875876,snapshot_37.xyz,32,10000,37
0.172252,0.182863,0.0,0.9419729524288675,0.05802704757113253,snapshot_38.xyz,32,10000,38
0.172979,0.181877,0.0,0.9510768266465798,0.048923173353420224,snapshot_39.xyz,32,10000,39
0.173375,0.181943,0.0,0.9529083284325311,0.04709167156746885,snapshot_40.xyz,32,10000,40
0.173243,0.181417,0.0,0.9549435830159247,0.045056416984075254,snapshot_41.xyz,32,10000,41
0.173837,0.181943,0.0,0.9554475852327378,0.04455241476726224,snapshot_42.xyz,32,10000,42
0.174498,0.182929,0.0,0.9539110802551809,0.0460889197448191,snapshot_43.xyz,32,10000,43
0.173903,0.181811,0.0,0.9565042819191358,0.043495718080864165,snapshot_44.xyz,32,10000,44
0.174366,0.182732,0.0,0.9542171048311188,0.04578289516888123,snapshot_45.xyz,32,10000,45
0.173771,0.182469,0.0,0.9523316289342301,0.04766837106576993,snapshot_46.xyz,32,10000,46
0.173441,0.18168,0.0,0.9546510347864378,0.04534896521356224,snapshot_47.xyz,32,10000,47
0.173639,0.181219,0.0,0.9581721563412224,0.041827843658777564,snapshot_48.xyz,32,10000,48
0.173375,0.18168,0.0,0.9542877586966094,0.04571224130339058,snapshot_49.xyz,32,10000,49
0.175026,0.182863,0.0,0.9571427790203595,0.04285722097964051,snapshot_50.xyz,32,10000,50
0.175224,0.182995,0.0,0.957534358862264,0.04246564113773599,snapshot_51.xyz,32,10000,51
0.1743,0.182929,0.0,0.9528286930995086,0.04717130690049143,snapshot_52.xyz,32,10000,52
0.17496,0.183389,0.0,0.9540375922219981,0.04596240777800187,snapshot_53.xyz,32,10000,53
0.174234,0.181877,0.0,0.9579770944099584,0.042022905590041626,snapshot_54.xyz,32,10000,54
0.174035,0.181943,0.0,0.956535838147112,0.04346416185288804,snapshot_55.xyz,32,10000,55
0.174564,0.18214,0.0,0.9584056220489733,0.04159437795102672,snapshot_56.xyz,32,10000,56
0.172913,0.182074,0.0,0.9496852927930401,0.05031470720695985,snapshot_57.xyz,32,10000,57
0.1743,0.181614,0.0,0.9597277742905284,0.04027222570947164,snapshot_58.xyz,32,10000,58
0.17529,0.183258,0.0,0.9565203156206005,0.04347968437939953,snapshot_59.xyz,32,10000,59
0.174234,0.183389,0.0,0.9500787942570166,0.04992120574298342,snapshot_60.xyz,32,10000,60
0.173969,0.183192,0.0,0.9496539150181231,0.05034608498187687,snapshot_61.xyz,32,10000,61
0.173441,0.181877,0.0,0.9536170048989152,0.04638299510108479,snapshot_62.xyz,32,10000,62
0.173177,0.18089,0.0,0.957360827021947,0.042639172978052975,snapshot_63.xyz,32,10000,63
0.174696,0.181811,0.0,0.960865954205191,0.03913404579480895,snapshot_64.xyz,32,10000,64
0.175158,0.183586,0.0,0.9540923599838769,0.04590764001612313,snapshot_65.xyz,32,10000,65
0.175817,0.182469,0.0,0.9635444924891352,0.03645550751086479,snapshot_66.xyz,32,10000,66
0.176675,0.184572,0.0,0.9572145287475889,0.042785471252411056,snapshot_67.xyz,32,10000,67
0.172913,0.18089,0.0,0.9559013765271713,0.04409862347282867,snapshot_68.xyz,32,10000,68
0.1743,0.181285,0.0,0.9614695093361283,0.03853049066387171,snapshot_69.xyz,32,10000,69
0.1743,0.182074,0.0,0.9573030745740743,0.042696925425925736,snapshot_70.xyz,32,10000,70
0.174828,0.183389,0.0,0.9533178107738197,0.04668218922618028,snapshot_71.xyz,32,10000,71
0.175224,0.182337,0.0,0.9609898155612958,0.03901018443870419,snapshot_72.xyz,32,10000,72
0.174035,0.181482,0.0,0.958965627445146,0.04103437255485398,snapshot_73.xyz,32,10000,73
0.173243,0.182337,0.0,0.9501253174067799,0.04987468259322014,snapshot_74.xyz,32,10000,74
0.175026,0.182206,0.0,0.9605940528851957,0.039405947114804274,snapshot_75.xyz,32,10000,75
0.174432,0.180627,0.0,0.9657028019066917,0.034297198093308334,snapshot_76.xyz,32,10000,76
0.174828,0.18168,0.0,0.9622853368560106,0.03771466314398941,snapshot_77.xyz,32,10000,77
0.174696,0.181614,0.0,0.9619082229343553,0.038091777065644705,snapshot_78.xyz,32,10000,78
0.175356,0.18089,0.0,0.9694068218254188,0.03059317817458118,snapshot_79.xyz,32,10000,79
0.176543,0.182732,0.0,0.9661307269662676,0.03386927303373244,snapshot_80.xyz,32,10000,80
0.175883,0.183258,0.0,0.9597561907256437,0.040243809274356335,snapshot_81.xyz,32,10000,81
0.175158,0.18168,0.0,0.9641017173051519,0.03589828269484807,snapshot_82.xyz,32,10000,82
0.175026,0.181417,0.0,0.9647717689080957,0.035228231091904316,snapshot_83.xyz,32,10000,83
0.175026,0.181877,0.0,0.962331685699676,0.037668314300324024,snapshot_84.xyz,32,10000,84
0.175356,0.181548,0.0,0.9658933174697601,0.03410668253023985,snapshot_85.xyz,32,10000,85
0.174762,0.181153,0.0,0.9647204296920282,0.0352795703079718,snapshot_86.xyz,32,10000,86
0.174828,0.181088,0.0,0.9654311715850857,0.034568828414914266,snapshot_87.xyz,32,10000,87
0.173837,0.181417,0.0,0.9582178075924527,0.041782192407547325,snapshot_88.xyz,32,10000,88
0.173111,0.181088,0.0,0.9559495935677681,0.0440504064322319,snapshot_89.xyz,32,10000,89
0.173903,0.180956,0.0,0.9610236742633568,0.038976325736643225,snapshot_90.xyz,32,10000,90
0.17529,0.182863,0.0,0.9585864827767235,0.041413517223276464,snapshot_91.xyz,32,10000,91
0.176015,0.182009,0.0,0.9670675625930586,0.032932437406941406,snapshot_92.xyz,32,10000,92
0.175356,0.181482,0.0,0.9662445862399577,0.03375541376004232,snapshot_93.xyz,32,10000,93
0.174564,0.18214,0.0,0.9584056220489733,0.04159437795102672,snapshot_94.xyz,32,10000,94
0.175422,0.181811,0.0,0.9648591119349214,0.035140888065078646,snapshot_95.xyz,32,10000,95
0.176938,0.182797,0.0,0.9679480516638677,0.03205194833613234,snapshot_96.xyz,32,10000,96
0.175092,0.181943,0.0,0.9623453499172818,0.03765465008271818,snapshot_97.xyz,32,10000,97
0.175422,0.182929,0.0,0.9589622203149856,0.04103777968501443,snapshot_98.xyz,32,10000,98
0.175619,0.181417,0.0,0.9680404813220371,0.03195951867796287,snapshot_99.xyz,32,10000,99
0.1743,0.181745,0.0,0.959036011994828,0.04096398800517198,snapshot_100.xyz,32,10000,100
0.175488,0.18168,0.0,0.9659180977542933,0.03408190224570673,snapshot_101.xyz,32,10000,101
0.176675,0.182863,0.0,0.9661604589228001,0.033839541077199886,snapshot_102.xyz,32,10000,102
0.175224,0.183258,0.0,0.956160167632518,0.04383983236748201,snapshot_103.xyz,32,10000,103
0.17529,0.182535,0.0,0.9603089818390993,0.039691018160900704,snapshot_104.xyz,32,10000,104
0.175092,0.182074,0.0,0.9616529542933092,0.038347045706690785,snapshot_105.xyz,32,10000,105
0.174696,0.182074,0.0,0.9594780144336916,0.04052198556630837,snapshot_106.xyz,32,10000,106
0.177466,0.182403,0.0,0.9729335592068113,0.02706644079318865,snapshot_107.xyz,32,10000,107
0.175883,0.181614,0.0,0.9684440626823924,0.03155593731760764,snapshot_108.xyz,32,10000,108
0.176609,0.1826,0.0,0.9671905805038334,0.03280941949616656,snapshot_109.xyz,32,10000,109
0.174894,0.181943,0.0,0.9612570970029075,0.03874290299709249,snapshot_110.xyz,32,10000,110
0.177136,0.183389,0.0,0.9659030803374248,0.03409691966257522,snapshot_111.xyz,32,10000,111
0.175883,0.182797,0.0,0.9621766221546306,0.03782337784536938,snapshot_112.xyz,32,10000,112
0.174035,0.181351,0.0,0.9596583421100516,0.04034165788994837,snapshot_113.xyz,32,10000,113
0.176675,0.183652,0.0,0.962009670463703,0.037990329536296996,snapshot_114.xyz,32,10000,114
0.175224,0.181614,0.0,0.9648154877927912,0.03518451220720875,snapshot_115.xyz,32,10000,115
0.174564,0.181745,0.0,0.9604885966601557,0.039511403339844264,snapshot_116.xyz,32,10000,116
0.17463,0.180956,0.0,0.9650412254912797,0.034958774508720314,snapshot_117.xyz,32,10000,117
0.174894,0.182074,0.0,0.9605654843635004,0.03943451563649958,snapshot_118.xyz,32,10000,118
0.177004,0.18352,0.0,0.9644943330427201,0.03550566695727986,snapshot_119.xyz,32,10000,119
0.175422,0.18306,0.0,0.9582759750901344,0.0417240249098656,snapshot_120.xyz,32,10000,120
0.175685,0.182206,0.0,0.9642108382819446,0.03578916171805535,snapshot_121.xyz,32,10000,121
0.174894,0.183192,0.0,0.9547032621511856,0.045296737848814383,snapshot_122.xyz,32,10000,122
0.175817,0.18352,0.0,0.958026373147341,0.04197362685265904,snapshot_123.xyz,32,10000,123
0.176411,0.182797,0.0,0.9650650721838981,0.03493492781610186,snapshot_124.xyz,32,10000,124
0.174366,0.18306,0.0,0.9525073746312684,0.047492625368731556,snapshot_125.xyz,32,10000,125
0.1743,0.182403,0.0,0.955576388546241,0.04442361145375895,snapshot_126.xyz,32,10000,126
0.173837,0.182535,0.0,0.9523488646013093,0.0476511353986907,snapshot_127.xyz,32,10000,127
0.175949,0.18398,0.0,0.9563485161430589,0.043651483856941065,snapshot_128.xyz,32,10000,128
0.175092,0.182469,0.0,0.9595712148364928,0.04042878516350723,snapshot_129.xyz,32,10000,129
0.174432,0.181943,0.0,0.9587178402027009,0.0412821597972991,snapshot_130.xyz,32,10000,130
0.175817,0.183783,0.0,0.956655403383338,0.04334459661666201,snapshot_131.xyz,32,10000,131
0.175026,0.181153,0.0,0.9661777613398618,0.033822238660138226,snapshot_132.xyz,32,10000,132
0.174168,0.182469,0.0,0.9545073409729872,0.04549265902701283,snapshot_133.xyz,32,10000,133
0.174101,0.18444,0.0,0.9439438299718066,0.05605617002819341,snapshot_134.xyz,32,10000,134
0.175685,0.183258,0.0,0.9586757467613966,0.04132425323860345,snapshot_135.xyz,32,10000,135
0.174101,0.1826,0.0,0.9534556407447974,0.046544359255202616,snapshot_136.xyz,32,10000,136
0.174168,0.181811,0.0,0.9579618394926599,0.042038160507340105,snapshot_137.xyz,32,10000,137
0.173441,0.18398,0.0,0.9427165996303947,0.05728340036960533,snapshot_138.xyz,32,10000,138
0.172648,0.181614,0.0,0.9506315592410277,0.04936844075897229,snapshot_139.xyz,32,10000,139
0.173639,0.18352,0.0,0.9461584568439407,0.05384154315605927,snapshot_140.xyz,32,10000,140
0.174101,0.183783,0.0,0.947318304739829,0.05268169526017097,snapshot_141.xyz,32,10000,141
0.172384,0.182666,0.0,0.943711473399538,0.05628852660046202,snapshot_142.xyz,32,10000,142
0.173969,0.182469,0.0,0.9534167447621241,0.046583255237875876,snapshot_143.xyz,32,10000,143
0.171062,0.183718,0.0,0.9311118126694172,0.06888818733058277,snapshot_144.xyz,32,10000,144
0.172979,0.183192,0.0,0.9442497488973317,0.05575025110266829,snapshot_145.xyz,32,10000,145
0.172979,0.184243,0.0,0.9388633489467714,0.06113665105322863,snapshot_146.xyz,32,10000,146
0.171657,0.183718,0.0,0.9343504719189193,0.06564952808108071,snapshot_147.xyz,32,10000,147
0.170334,0.18168,0.0,0.9375495376486129,0.06245046235138707,snapshot_148.xyz,32,10000,148
0.170665,0.183586,0.0,0.9296188162496052,0.07038118375039482,snapshot_149.xyz,32,10000,149
0.171326,0.185031,0.0,0.9259313304257125,0.07406866957428748,snapshot_150.xyz,32,10000,150
0.169077,0.182797,0.0,0.9249440636334295,0.07505593636657049,snapshot_151.xyz,32,10000,151
0.168216,0.182206,0.0,0.9232187743543022,0.07678122564569778,snapshot_152.xyz,32,10000,152
0.170136,0.183849,0.0,0.9254116149666302,0.07458838503336984,snapshot_153.xyz,32,10000,153
0.166361,0.181811,0.0,0.9150216433549125,0.08497835664508746,snapshot_154.xyz,32,10000,154
0.164703,0.182337,0.0,0.9032889649385478,0.09671103506145218,snapshot_155.xyz,32,10000,155
0.165233,0.182206,0.0,0.9068471949332074,0.09315280506679258,snapshot_156.xyz,32,10000,156
0.16384,0.183849,0.0,0.8911661200224097,0.10883387997759031,snapshot_157.xyz,32,10000,157
0.161315,0.183455,0.0,0.8793164536262298,0.12068354637377021,snapshot_158.xyz,32,10000,158
0.158987,0.183192,0.0,0.8678708677234813,0.13212913227651868,snapshot_159.xyz,32,10000,159
0.157655,0.182206,0.0,0.8652569070173319,0.13474309298266807,snapshot_160.xyz,32,10000,160
0.155655,0.182995,0.0,0.8505970108472909,0.1494029891527091,snapshot_161.xyz,32,10000,161
0.153587,0.183126,0.0,0.8386957613883337,0.16130423861166632,snapshot_162.xyz,32,10000,162
0.150981,0.184375,0.0,0.8188799999999999,0.18112000000000006,snapshot_163.xyz,32,10000,163
0.146293,0.183323,0.0,0.7980067967467257,0.2019932032532743,snapshot_164.xyz,32,10000,164
0.142869,0.181943,0.0,0.7852404324431278,0.2147595675568722,snapshot_165.xyz,32,10000,165
0.139909,0.18398,0.0,0.7604576584411349,0.2395423415588651,snapshot_166.xyz,32,10000,166
0.137484,0.183586,0.0,0.748880633599512,0.25111936640048804,snapshot_167.xyz,32,10000,167
0.135527,0.183915,0.0,0.7369001984612458,0.26309980153875423,snapshot_168.xyz,32,10000,168
0.128828,0.182403,0.0,0.7062822431648602,0.2937177568351398,snapshot_169.xyz,32,10000,169
0.127471,0.183455,0.0,0.6948352457005805,0.30516475429941947,snapshot_170.xyz,32,10000,170
0.124549,0.182403,0.0,0.682823199179838,0.317176800820162,snapshot_171.xyz,32,10000,171
0.121144,0.181811,0.0,0.6663183195736232,0.3336816804263768,snapshot_172.xyz,32,10000,172
0.118004,0.181943,0.0,0.648576752059711,0.351423247940289,snapshot_173.xyz,32,10000,173
0.115541,0.181022,0.0,0.6382704864602093,0.36172951353979066,snapshot_174.xyz,32,10000,174
0.114103,0.181219,0.0,0.6296414835089036,0.3703585164910964,snapshot_175.xyz,32,10000,175
0.112525,0.180298,0.0,0.6241056473172192,0.3758943526827808,snapshot_176.xyz,32,10000,176
0.111152,0.18089,0.0,0.6144728840731937,0.38552711592680633,snapshot_177.xyz,32,10000,177
0.109777,0.179574,0.0,0.6113190105471838,0.38868098945281615,snapshot_178.xyz,32,10000,178
0.109021,0.17964,0.0,0.6068859942106436,0.3931140057893564,snapshot_179.xyz,32,10000,179
0.10661,0.179771,0.0,0.5930322465803717,0.4069677534196283,snapshot_180.xyz,32,10000,180
0.10592,0.180035,0.0,0.5883300469353181,0.4116699530646819,snapshot_181.xyz,32,10000,181
0.104264,0.178586,0.0,0.5838307594100322,0.41616924058996785,snapshot_182.xyz,32,10000,182
0.103642,0.178784,0.0,0.579705119026311,0.42029488097368894,snapshot_183.xyz,32,10000,183
0.103296,0.177993,0.0,0.5803374290000168,0.41966257099998316,snapshot_184.xyz,32,10000,184
0.101636,0.177004,0.0,0.5742017129556395,0.4257982870443605,snapshot_185.xyz,32,10000,185
0.100666,0.176938,0.0,0.5689337508053668,0.4310662491946332,snapshot_186.xyz,32,10000,186
0.0986552,0.176543,0.0,0.5588168321598703,0.4411831678401297,snapshot_187.xyz,32,10000,187
0.0996958,0.175488,0.0,0.5681060813274982,0.4318939186725018,snapshot_188.xyz,32,10000,188
0.0980999,0.174035,0.0,0.5636791449995691,0.43632085500043094,snapshot_189.xyz,32,10000,189
0.0964321,0.175619,0.0,0.5490983321850142,0.45090166781498575,snapshot_190.xyz,32,10000,190
0.0950404,0.174564,0.0,0.5444444444444444,0.4555555555555556,snapshot_191.xyz,32,10000,191
0.0952493,0.173903,0.0,0.5477151055473454,0.45228489445265463,snapshot_192.xyz,32,10000,192
0.0935773,0.171987,0.0,0.5440951932413497,0.4559048067586503,snapshot_193.xyz,32,10000,193
0.0937864,0.173705,0.0,0.5399176765205377,0.4600823234794623,snapshot_194.xyz,32,10000,194
0.0937864,0.172516,0.0,0.543638850889193,0.45636114911080705,snapshot_195.xyz,32,10000,195
0.0923216,0.172384,0.0,0.5355578243920549,0.4644421756079451,snapshot_196.xyz,32,10000,196
0.0914138,0.172384,0.0,0.5302916744013365,0.4697083255986635,snapshot_197.xyz,32,10000,197
0.0902955,0.171921,0.0,0.5252150697122516,0.4747849302877484,snapshot_198.xyz,32,10000,198
0.0915535,0.170731,0.0,0.5362441501543364,0.46375584984566365,snapshot_199.xyz,32,10000,199
0.0915535,0.17126,0.0,0.5345877612986103,0.4654122387013897,snapshot_200.xyz,32,10000,200
0.0919726,0.171128,0.0,0.5374491608620448,0.46255083913795525,snapshot_201.xyz,32,10000,201
0.0917631,0.170863,0.0,0.5370565891971931,0.4629434108028069,snapshot_202.xyz,32,10000,202
0.0921122,0.169739,0.0,0.5426696280760462,0.45733037192395376,snapshot_203.xyz,32,10000,203
0.0914138,0.17007,0.0,0.5375069089198565,0.46249309108014347,snapshot_204.xyz,32,10000,204
0.0917631,0.171459,0.0,0.5351897538186972,0.46481024618130284,snapshot_205.xyz,32,10000,205
0.0929496,0.170136,0.0,0.5463252927070108,0.4536747072929892,snapshot_206.xyz,32,10000,206
0.0912042,0.170268,0.0,0.5356508562971316,0.4643491437028684,snapshot_207.xyz,32,10000,207
0.089456,0.16954,0.0,0.5276394951044001,0.4723605048955999,snapshot_208.xyz,32,10000,208
0.0912741,0.170334,0.0,0.5358536757194687,0.46414632428053126,snapshot_209.xyz,32,10000,209
0.0916932,0.169937,0.0,0.5395717236387603,0.46042827636123973,snapshot_210.xyz,32,10000,210
0.0914837,0.1704,0.0,0.5368761737089202,0.46312382629107984,snapshot_211.xyz,32,10000,211
0.0916234,0.170996,0.0,0.5358218905705396,0.46417810942946036,snapshot_212.xyz,32,10000,212
0.0909247,0.169871,0.0,0.5352573423362433,0.46474265766375666,snapshot_213.xyz,32,10000,213
0.0921122,0.17126,0.0,0.5378500525516758,0.46214994744832416,snapshot_214.xyz,32,10000,214
0.0916234,0.171525,0.0,0.5341693630666083,0.46583063693339166,snapshot_215.xyz,32,10000,215
0.0912042,0.170533,0.0,0.5348184808805334,0.4651815191194666,snapshot_216.xyz,32,10000,216
0.0900857,0.1704,0.0,0.5286719483568075,0.47132805164319247,snapshot_217.xyz,32,10000,217
0.0923914,0.170665,0.0,0.5413611461049423,0.45863885389505765,snapshot_218.xyz,32,10000,218
0.0926008,0.169342,0.0,0.5468271308948754,0.45317286910512455,snapshot_219.xyz,32,10000,219
0.0900857,0.169474,0.0,0.531560593365354,0.468439406634646,snapshot_220.xyz,32,10000,220
0.0914837,0.171657,0.0,0.5329447677636217,0.46705523223637835,snapshot_221.xyz,32,10000,221
0.0916234,0.172516,0.0,0.5311008833963227,0.46889911660367734,snapshot_222.xyz,32,10000,222
0.0921122,0.17126,0.0,0.5378500525516758,0.46214994744832416,snapshot_223.xyz,32,10000,223
0.0903654,0.171128,0.0,0.5280573605722032,0.4719426394277968,snapshot_224.xyz,32,10000,224
0.092182,0.169871,0.0,0.542658841120615,0.457341158879385,snapshot_225.xyz,32,10000,225
0.0917631,0.170665,0.0,0.5376796648404769,0.4623203351595231,snapshot_226.xyz,32,10000,226
0.0898758,0.170268,0.0,0.5278490379871732,0.4721509620128268,snapshot_227.xyz,32,10000,227
0.0919027,0.170731,0.0,0.5382894729135307,0.4617105270864693,snapshot_228.xyz,32,10000,228
0.0912741,0.169739,0.0,0.5377320474375364,0.46226795256246356,snapshot_229.xyz,32,10000,229
0.0905752,0.170136,0.0,0.532369398598768,0.467630601401232,snapshot_230.xyz,32,10000,230
0.091344,0.169937,0.0,0.5375168444776594,0.46248315552234065,snapshot_231.xyz,32,10000,231
0.0914138,0.171194,0.0,0.5339778263256889,0.4660221736743111,snapshot_232.xyz,32,10000,232
0.0916234,0.170533,0.0,0.5372766561310715,0.46272334386892855,snapshot_233.xyz,32,10000,233
0.0905752,0.170136,0.0,0.532369398598768,0.467630601401232,snapshot_234.xyz,32,10000,234
0.0911344,0.17126,0.0,0.5321406049281794,0.4678593950718206,snapshot_235.xyz,32,10000,235
0.0907849,0.170533,0.0,0.5323597192332277,0.46764028076677233,snapshot_236.xyz,32,10000,236
0.0910645,0.170996,0.0,0.532553393061826,0.46744660693817397,snapshot_237.xyz,32,10000,237
0.0902955,0.17093,0.0,0.5282601064763354,0.47173989352366463,snapshot_238.xyz,32,10000,238
0.0909247,0.169871,0.0,0.5352573423362433,0.46474265766375666,snapshot_239.xyz,32,10000,239
0.0916932,0.170202,0.0,0.538731624775267,0.46126837522473296,snapshot_240.xyz,32,10000,240
0.0919027,0.170004,0.0,0.5405913978494624,0.4594086021505376,snapshot_241.xyz,32,10000,241
0.0910645,0.17126,0.0,0.5317324535793531,0.46826754642064694,snapshot_242.xyz,32,10000,242
0.0915535,0.169209,0.0,0.5410675555082767,0.4589324444917233,snapshot_243.xyz,32,10000,243
0.0903654,0.171326,0.0,0.527447089175023,0.47255291082497697,snapshot_244.xyz,32,10000,244
0.091344,0.16954,0.0,0.5387755102040817,0.46122448979591835,snapshot_245.xyz,32,10000,245
0.0919027,0.171194,0.0,0.5368336507120577,0.4631663492879423,snapshot_246.xyz,32,10000,246
0.0920424,0.1704,0.0,0.5401549295774648,0.4598450704225352,snapshot_247.xyz,32,10000,247
0.0909247,0.17126,0.0,0.5309161508817003,0.4690838491182997,snapshot_248.xyz,32,10000,248
0.0914138,0.170268,0.0,0.5368818568374563,0.46311814316254374,snapshot_249.xyz,32,10000,249
0.0912741,0.170467,0.0,0.5354355975056756,0.4645644024943244,snapshot_250.xyz,32,10000,250
0.0923914,0.170731,0.0,0.5411518704863206,0.45884812951367937,snapshot_251.xyz,32,10000,251
0.0919726,0.170797,0.0,0.538490722904969,0.461509277095031,snapshot_252.xyz,32,10000,252
0.0917631,0.170599,0.0,0.5378876781223806,0.4621123218776194,snapshot_253.xyz,32,10000,253
0.0911344,0.169143,0.0,0.5388008962830269,0.46119910371697315,snapshot_254.xyz,32,10000,254
0.0911344,0.169739,0.0,0.5369090191411521,0.4630909808588479,snapshot_255.xyz,32,10000,255
0.0920424,0.170731,0.0,0.5391077191605508,0.4608922808394492,snapshot_256.xyz,32,10000,256
0.0911344,0.170334,0.0,0.5350335223736893,0.4649664776263107,snapshot_257.xyz,32,10000,257
0.0914837,0.17126,0.0,0.534180193857293,0.465819806142707,snapshot_258.xyz,32,10000,258
0.0919027,0.17093,0.0,0.5376627859357632,0.4623372140642368,snapshot_259.xyz,32,10000,259
0.0909946,0.170731,0.0,0.5329705794495434,0.4670294205504566,snapshot_260.xyz,32,10000,260
0.0915535,0.169739,0.0,0.5393781040303053,0.4606218959696947,snapshot_261.xyz,32,10000,261
0.0912741,0.169805,0.0,0.5375230411354199,0.46247695886458007,snapshot_262.xyz,32,10000,262
0.0909946,0.169673,0.0,0.5362939300890537,0.4637060699109463,snapshot_263.xyz,32,10000,263
0.0914138,0.1704,0.0,0.5364659624413146,0.4635340375586854,snapshot_264.xyz,32,10000,264
0.0910645,0.169871,0.0,0.5360803197720624,0.4639196802279376,snapshot_265.xyz,32,10000,265
0.092182,0.170467,0.0,0.5407615550223797,0.45923844497762034,snapshot_266.xyz,32,10000,266
0.0916234,0.16954,0.0,0.5404234988793205,0.4595765011206795,snapshot_267.xyz,32,10000,267
0.0905752,0.170533,0.0,0.5311300452111908,0.4688699547888092,snapshot_268.xyz,32,10000,268
0.0900157,0.17007,0.0,0.5292861762803551,0.4707138237196449,snapshot_269.xyz,32,10000,269
0.0914837,0.17126,0.0,0.534180193857293,0.465819806142707,snapshot_270.xyz,32,10000,270
0.0910645,0.171855,0.0,0.529891478281109,0.47010852171889095,snapshot_271.xyz,32,10000,271
0.0917631,0.169276,0.0,0.5420916136959758,0.4579083863040242,snapshot_272.xyz,32,10000,272
0.0902256,0.169673,0.0,0.5317616827662622,0.46823831723373777,snapshot_273.xyz,32,10000,273
0.0914138,0.170599,0.0,0.5358401866364985,0.46415981336350154,snapshot_274.xyz,32,10000,274
0.0910645,0.170665,0.0,0.533586265490874,0.46641373450912604,snapshot_275.xyz,32,10000,275
0.0916932,0.170467,0.0,0.5378941378683264,0.4621058621316736,snapshot_276.xyz,32,10000,276
0.0914837,0.170533,0.0,0.5364574598464814,0.4635425401535186,snapshot_277.xyz,32,10000,277
0.0915535,0.171128,0.0,0.5350001168715814,0.46499988312841856,snapshot_278.xyz,32,10000,278
0.0908548,0.170136,0.0,0.5340127897681854,0.46598721023181455,snapshot_279.xyz,32,10000,279
0.0928101,0.170202,0.0,0.545293827334579,0.454706172665421,snapshot_280.xyz,32,10000,280
0.0911344,0.169474,0.0,0.537748563201435,0.46225143679856495,snapshot_281.xyz,32,10000,281
0.0912042,0.17007,0.0,0.5362744752160875,0.4637255247839125,snapshot_282.xyz,32,10000,282
0.0910645,0.170467,0.0,0.5342060340124481,0.46579396598755185,snapshot_283.xyz,32,10000,283
0.0909946,0.170268,0.0,0.5344198557568068,0.46558014424319316,snapshot_284.xyz,32,10000,284
0.0914138,0.170863,0.0,0.5350122612853573,0.4649877387146427,snapshot_285.xyz,32,10000,285
0.0912741,0.170731,0.0,0.534607657660296,0.46539234233970395,snapshot_286.xyz,32,10000,286
0.0920424,0.170202,0.0,0.5407833045440125,0.45921669545598753,snapshot_287.xyz,32,10000,287
0.0909247,0.170268,0.0,0.5340093264735593,0.46599067352644075,snapshot_288.xyz,32,10000,288
0.0912042,0.170202,0.0,0.5358585680544294,0.46414143194557056,snapshot_289.xyz,32,10000,289
0.0916234,0.170136,0.0,0.538530352188837,0.46146964781116295,snapshot_290.xyz,32,10000,290
0.0906451,0.171062,0.0,0.5298961779939437,0.47010382200605627,snapshot_291.xyz,32,10000,291
0.0914138,0.170863,0.0,0.5350122612853573,0.4649877387146427,snapshot_292.xyz,32,10000,292
0.0902955,0.169606,0.0,0.5323838779288469,0.4676161220711531,snapshot_293.xyz,32,10000,293
0.0916234,0.17007,0.0,0.5387393426236256,0.46126065737637445,snapshot_294.xyz,32,10000,294
0.091344,0.170665,0.0,0.5352239767966483,0.46477602320335165,snapshot_295.xyz,32,10000,295
0.0917631,0.170599,0.0,0.5378876781223806,0.4621123218776194,snapshot_296.xyz,32,10000,296
0.0914837,0.1704,0.0,0.5368761737089202,0.46312382629107984,snapshot_297.xyz,32,10000,297
0.0911344,0.170996,0.0,0.5329621745537907,0.4670378254462093,snapshot_298.xyz,32,10000,298
0.0919726,0.17093,0.0,0.5380717252676535,0.46192827473234654,snapshot_299.xyz,32,10000,299
0.0907849,0.170334,0.0,0.5329816713046133,0.46701832869538673,snapshot_300.xyz,32,10000,300
0.0909946,0.170665,0.0,0.5331766911786248,0.46682330882137524,snapshot_301.xyz,32,10000,301
0.0909946,0.169805,0.0,0.5358770354229851,0.46412296457701485,snapshot_302.xyz,32,10000,302
0.0905752,0.170599,0.0,0.5309245657946412,0.4690754342053588,snapshot_303.xyz,32,10000,303
0.0921122,0.171855,0.0,0.5359878967734427,0.4640121032265573,snapshot_304.xyz,32,10000,304
0.0912741,0.170996,0.0,0.5337791527287188,0.4662208472712812,snapshot_305.xyz,32,10000,305
0.0933681,0.172582,0.0,0.5410071734016293,0.4589928265983707,snapshot_306.xyz,32,10000,306
0.0918329,0.171062,0.0,0.5368398592323251,0.46316014076767487,snapshot_307.xyz,32,10000,307
0.0924612,0.173111,0.0,0.5341151053370381,0.4658848946629619,snapshot_308.xyz,32,10000,308
0.0928799,0.173573,0.0,0.5351056904011569,0.46489430959884315,snapshot_309.xyz,32,10000,309
0.0930891,0.173309,0.0,0.5371279044942847,0.4628720955057153,snapshot_310.xyz,32,10000,310
0.0944833,0.174035,0.0,0.5428982675898527,0.4571017324101473,snapshot_311.xyz,32,10000,311
0.0947619,0.175619,0.0,0.5395879716887125,0.46041202831128747,snapshot_312.xyz,32,10000,312
0.0971273,0.176015,0.0,0.5518126296054313,0.4481873703945687,snapshot_313.xyz,32,10000,313
0.0960843,0.175092,0.0,0.5487646494414365,0.45123535055856345,snapshot_314.xyz,32,10000,314
0.0969883,0.175685,0.0,0.5520579446167857,0.4479420553832143,snapshot_315.xyz,32,10000,315
0.0971273,0.175751,0.0,0.5526415212431224,0.4473584787568776,snapshot_316.xyz,32,10000,316
0.098794,0.176345,0.0,0.5602313646545125,0.4397686353454875,snapshot_317.xyz,32,10000,317
0.0993491,0.177861,0.0,0.5585772035465898,0.4414227964534102,snapshot_318.xyz,32,10000,318
0.0994878,0.176938,0.0,0.5622749211588239,0.43772507884117606,snapshot_319.xyz,32,10000,319
0.100528,0.178915,0.0,0.5618757510549703,0.43812424894502966,snapshot_320.xyz,32,10000,320
0.10129,0.180824,0.0,0.5601579436358005,0.4398420563641995,snapshot_321.xyz,32,10000,321
0.102051,0.178323,0.0,0.5722817583822614,0.42771824161773864,snapshot_322.xyz,32,10000,322
0.103227,0.178586,0.0,0.5780240332388877,0.42197596676111226,snapshot_323.xyz,32,10000,323
0.10378,0.17964,0.0,0.5777109775105768,0.42228902248942324,snapshot_324.xyz,32,10000,324
0.105092,0.180166,0.0,0.5833065062220397,0.4166934937779603,snapshot_325.xyz,32,10000,325
0.105368,0.179508,0.0,0.5869821957795753,0.41301780422042467,snapshot_326.xyz,32,10000,326
0.107024,0.180824,0.0,0.5918683360615846,0.4081316639384154,snapshot_327.xyz,32,10000,327
0.106541,0.181153,0.0,0.5881271632266647,0.4118728367733353,snapshot_328.xyz,32,10000,328
0.107644,0.179574,0.0,0.5994408990165614,0.4005591009834386,snapshot_329.xyz,32,10000,329
0.109296,0.179771,0.0,0.6079734773684299,0.3920265226315701,snapshot_330.xyz,32,10000,330
0.112251,0.182272,0.0,0.6158433549859551,0.3841566450140449,snapshot_331.xyz,32,10000,331
0.113211,0.181943,0.0,0.6222333368142771,0.37776666318572294,snapshot_332.xyz,32,10000,332
0.114171,0.181219,0.0,0.6300167201010931,0.3699832798989069,snapshot_333.xyz,32,10000,333
0.114993,0.182272,0.0,0.6308868065308989,0.3691131934691011,snapshot_334.xyz,32,10000,334
0.117184,0.180824,0.0,0.6480555678449763,0.3519444321550237,snapshot_335.xyz,32,10000,335
0.11855,0.182074,0.0,0.6511088897920625,0.3488911102079375,snapshot_336.xyz,32,10000,336
0.120121,0.183258,0.0,0.655474795097622,0.34452520490237803,snapshot_337.xyz,32,10000,337
0.124617,0.181811,0.0,0.6854205741126774,0.3145794258873226,snapshot_338.xyz,32,10000,338
0.125977,0.183718,0.0,0.6857085315537944,0.3142914684462056,snapshot_339.xyz,32,10000,339
0.125773,0.181745,0.0,0.6920300420919421,0.3079699579080579,snapshot_340.xyz,32,10000,340
0.129845,0.18398,0.0,0.7057560604413522,0.2942439395586478,snapshot_341.xyz,32,10000,341
0.132892,0.183915,0.0,0.722572927711171,0.277427072288829,snapshot_342.xyz,32,10000,342
0.134784,0.182797,0.0,0.7373425165620879,0.26265748343791206,snapshot_343.xyz,32,10000,343
0.138899,0.182797,0.0,0.7598538269227614,0.24014617307723862,snapshot_344.xyz,32,10000,344
0.141928,0.182797,0.0,0.7764241207459641,0.22357587925403588,snapshot_345.xyz,32,10000,345
0.145287,0.183652,0.0,0.7910994707381351,0.20890052926186486,snapshot_346.xyz,32,10000,346
0.150312,0.184506,0.0,0.8146726935709407,0.18532730642905926,snapshot_347.xyz,32,10000,347
0.151516,0.183586,0.0,0.8253134770625212,0.17468652293747877,snapshot_348.xyz,32,10000,348
0.155655,0.182272,0.0,0.8539709884129213,0.1460290115870787,snapshot_349.xyz,32,10000,349
0.159719,0.183718,0.0,0.8693704481868951,0.13062955181310487,snapshot_350.xyz,32,10000,350
0.161382,0.182863,0.0,0.8825295439755445,0.1174704560244555,snapshot_351.xyz,32,10000,351
0.165366,0.182797,0.0,0.9046428551890897,0.09535714481091029,snapshot_352.xyz,32,10000,352
0.168017,0.184046,0.0,0.9129076426545538,0.08709235734544618,snapshot_353.xyz,32,10000,353
0.168812,0.181811,0.0,0.9285026758556962,0.07149732414430376,snapshot_354.xyz,32,10000,354
0.16868,0.182732,0.0,0.9231004969025677,0.07689950309743232,snapshot_355.xyz,32,10000,355
0.169871,0.183783,0.0,0.924302030111599,0.07569796988840105,snapshot_356.xyz,32,10000,356
0.1704,0.18352,0.0,0.928509154315606,0.07149084568439401,snapshot_357.xyz,32,10000,357
0.170533,0.1826,0.0,0.9339156626506023,0.06608433734939767,snapshot_358.xyz,32,10000,358
0.170996,0.182403,0.0,0.9374626513818304,0.06253734861816962,snapshot_359.xyz,32,10000,359
0.168878,0.183455,0.0,0.9205418222452372,0.07945817775476283,snapshot_360.xyz,32,10000,360
0.171789,0.183915,0.0,0.9340673680776446,0.06593263192235543,snapshot_361.xyz,32,10000,361
0.171591,0.181417,0.0,0.9458374904226174,0.054162509577382556,snapshot_362.xyz,32,10000,362
0.17212,0.182469,0.0,0.9432835166521437,0.056716483347856284,snapshot_363.xyz,32,10000,363
0.172781,0.183389,0.0,0.9421557454372944,0.05784425456270559,snapshot_364.xyz,32,10000,364
0.173705,0.183126,0.0,0.9485545471424046,0.051445452857595386,snapshot_365.xyz,32,10000,365
0.173507,0.18306,0.0,0.9478149240686113,0.05218507593138866,snapshot_366.xyz,32,10000,366
0.174564,0.182074,0.0,0.9587530344804859,0.04124696551951412,snapshot_367.xyz,32,10000,367
0.174168,0.184046,0.0,0.9463286352324962,0.05367136476750378,snapshot_368.xyz,32,10000,368
0.173639,0.182337,0.0,0.9522971201676017,0.04770287983239829,snapshot_369.xyz,32,10000,369
0.173573,0.182797,0.0,0.9495396532765856,0.05046034672341437,snapshot_370.xyz,32,10000,370
0.172781,0.180693,0.0,0.9562130243008861,0.04378697569911394,snapshot_371.xyz,32,10000,371
0.174762,0.183323,0.0,0.9533010042384207,0.04669899576157932,snapshot_372.xyz,32,10000,372
0.172318,0.181811,0.0,0.9477864375642838,0.052213562435716177,snapshot_373.xyz,32,10000,373
0.175356,0.18306,0.0,0.9579154375614554,0.04208456243854464,snapshot_374.xyz,32,10000,374
0.172714,0.182863,0.0,0.9444994340025047,0.05550056599749531,snapshot_375.xyz,32,10000,375
0.175158,0.182732,0.0,0.9585513210603507,0.04144867893964932,snapshot_376.xyz,32,10000,376
0.174366,0.182403,0.0,0.9559382247002516,0.04406177529974842,snapshot_377.xyz,32,10000,377
0.1743,0.181219,0.0,0.9618196767447122,0.03818032325528775,snapshot_378.xyz,32,10000,378
0.173639,0.181088,0.0,0.9588653030570772,0.04113469694292282,snapshot_379.xyz,32,10000,379
0.176081,0.183192,0.0,0.9611828027424778,0.038817197257522196,snapshot_380.xyz,32,10000,380
0.175356,0.182337,0.0,0.9617137498149032,0.03828625018509679,snapshot_381.xyz,32,10000,381
0.175158,0.181614,0.0,0.9644520796854869,0.03554792031451315,snapshot_382.xyz,32,10000,382
0.175224,0.1826,0.0,0.9596056955093099,0.04039430449069015,snapshot_383.xyz,32,10000,383
0.174168,0.18168,0.0,0.9586525759577278,0.04134742404227221,snapshot_384.xyz,32,10000,384
0.1743,0.182074,0.0,0.9573030745740743,0.042696925425925736,snapshot_385.xyz,32,10000,385
0.174498,0.182666,0.0,0.9552845083376216,0.044715491662378426,snapshot_386.xyz,32,10000,386
0.175949,0.181811,0.0,0.967757726430194,0.032242273569806024,snapshot_387.xyz,32,10000,387
0.175026,0.181943,0.0,0.9619825989458236,0.03801740105417639,snapshot_388.xyz,32,10000,388
0.17496,0.182535,0.0,0.958501109376284,0.041498890623716034,snapshot_389.xyz,32,10000,389
0.176081,0.181745,0.0,0.9688354562711491,0.031164543728850913,snapshot_390.xyz,32,10000,390
0.174696,0.180232,0.0,0.9692840339118469,0.03071596608815308,snapshot_391.xyz,32,10000,391
0.176081,0.183718,0.0,0.9584308559858044,0.04156914401419565,snapshot_392.xyz,32,10000,392
0.174498,0.180232,0.0,0.9681854498646189,0.03181455013538115,snapshot_393.xyz,32,10000,393
0.174894,0.18089,0.0,0.966852783459561,0.03314721654043895,snapshot_394.xyz,32,10000,394
0.173969,0.18168,0.0,0.9575572435050639,0.04244275649493612,snapshot_395.xyz,32,10000,395
0.17529,0.1826,0.0,0.9599671412924424,0.04003285870755757,snapshot_396.xyz,32,10000,396
0.174696,0.181811,0.0,0.960865954205191,0.03913404579480895,snapshot_397.xyz,32,10000,397
0.175224,0.181614,0.0,0.9648154877927912,0.03518451220720875,snapshot_398.xyz,32,10000,398
0.176213,0.182732,0.0,0.9643248035374209,0.035675196462579106,snapshot_399.xyz,32,10000,399
0.176147,0.182337,0.0,0.9660518709861411,0.03394812901385891,snapshot_400.xyz,32,10000,400
0.176147,0.181943,0.0,0.968143869233771,0.03185613076622895,snapshot_401.xyz,32,10000,401
0.175356,0.182206,0.0,0.9624051897303053,0.03759481026969469,snapshot_402.xyz,32,10000,402
0.176477,0.182797,0.0,0.9654261284375565,0.034573871562443514,snapshot_403.xyz,32,10000,403
0.177334,0.18168,0.0,0.9760788199031263,0.023921180096873718,snapshot_404.xyz,32,10000,404
0.174366,0.180956,0.0,0.9635823073012223,0.036417692698777704,snapshot_405.xyz,32,10000,405
0.177268,0.183258,0.0,0.9673138416876753,0.03268615831232469,snapshot_406.xyz,32,10000,406
0.176938,0.182863,0.0,0.9675986941043295,0.032401305895670474,snapshot_407.xyz,32,10000,407
0.174894,0.182337,0.0,0.9591799799272774,0.04082002007272256,snapshot_408.xyz,32,10000,408
0.176213,0.181351,0.0,0.9716682014436093,0.028331798556390675,snapshot_409.xyz,32,10000,409
0.176213,0.182535,0.0,0.9653655463335798,0.03463445366642015,snapshot_410.xyz,32,10000,410
0.177136,0.183455,0.0,0.9655555858384889,0.03444441416151112,snapshot_411.xyz,32,10000,411
0.175224,0.1826,0.0,0.9596056955093099,0.04039430449069015,snapshot_412.xyz,32,10000,412
0.175158,0.181285,0.0,0.9662023885042889,0.033797611495711144,snapshot_413.xyz,32,10000,413
0.177268,0.182535,0.0,0.9711452598131866,0.028854740186813443,snapshot_414.xyz,32,10000,414
0.175685,0.180956,0.0,0.9708713720462433,0.029128627953756703,snapshot_415.xyz,32,10000,415
0.176213,0.181482,0.0,0.9709668176458272,0.02903318235417285,snapshot_416.xyz,32,10000,416
0.175553,0.181811,0.0,0.9655796403957956,0.03442035960420442,snapshot_417.xyz,32,10000,417
0.174762,0.182337,0.0,0.9584560456736702,0.041543954326329846,snapshot_418.xyz,32,10000,418
0.175553,0.182995,0.0,0.9593322221918631,0.04066777780813691,snapshot_419.xyz,32,10000,419
0.174696,0.182074,0.0,0.9594780144336916,0.04052198556630837,snapshot_420.xyz,32,10000,420
0.176477,0.181351,0.0,0.973123941968889,0.02687605803111104,snapshot_421.xyz,32,10000,421
0.175619,0.181943,0.0,0.9652418614621063,0.03475813853789367,snapshot_422.xyz,32,10000,422
0.1774,0.183455,0.0,0.9669946308358998,0.03300536916410024,snapshot_423.xyz,32,10000,423
0.17707,0.182929,0.0,0.9679711800753298,0.032028819924670215,snapshot_424.xyz,32,10000,424
0.175092,0.182272,0.0,0.9606083216292135,0.0393916783707865,snapshot_425.xyz,32,10000,425
0.175949,0.181285,0.0,0.9705656838679427,0.02943431613205727,snapshot_426.xyz,32,10000,426
0.174564,0.182206,0.0,0.9580584613020426,0.04194153869795736,snapshot_427.xyz,32,10000,427
0.176411,0.182206,0.0,0.9681953393411853,0.03180466065881471,snapshot_428.xyz,32,10000,428
0.176741,0.182797,0.0,0.9668703534521903,0.0331296465478097,snapshot_429.xyz,32,10000,429
0.175422,0.18168,0.0,0.9655548216644649,0.034445178335535065,snapshot_430.xyz,32,10000,430
0.175553,0.181548,0.0,0.9669784299469011,0.033021570053098914,snapshot_431.xyz,32,10000,431
0.175092,0.181219,0.0,0.9661900794066848,0.033809920593315224,snapshot_432.xyz,32,10000,432
0.17529,0.181022,0.0,0.9683353404558562,0.03166465954414377,snapshot_433.xyz,32,10000,433
0.176147,0.182403,0.0,0.9657023184925686,0.0342976815074314,snapshot_434.xyz,32,10000,434
0.175224,0.181943,0.0,0.9630708518601979,0.03692914813980208,snapshot_435.xyz,32,10000,435
0.177004,0.183389,0.0,0.9651832988892464,0.034816701110753634,snapshot_436.xyz,32,10000,436
0.177795,0.183192,0.0,0.9705391065112015,0.029460893488798545,snapshot_437.xyz,32,10000,437
0.175356,0.182272,0.0,0.9620567064606743,0.037943293539325684,snapshot_438.xyz,32,10000,438
0.175949,0.182469,0.0,0.9642679030410645,0.03573209695893553,snapshot_439.xyz,32,10000,439
0.177598,0.182995,0.0,0.9705073909123201,0.029492609087679922,snapshot_440.xyz,32,10000,440
0.175685,0.182272,0.0,0.9638617011938203,0.03613829880617969,snapshot_441.xyz,32,10000,441
0.175026,0.182009,0.0,0.9616337653632512,0.03836623463674882,snapshot_442.xyz,32,10000,442
0.175751,0.182403,0.0,0.9635313015685047,0.03646869843149525,snapshot_443.xyz,32,10000,443
0.1774,0.1826,0.0,0.9715224534501642,0.028477546549835808,snapshot_444.xyz,32,10000,444
0.176675,0.180693,0.0,0.9777633887311629,0.022236611268837136,snapshot_445.xyz,32,10000,445
0.176411,0.181548,0.0,0.971704452816886,0.028295547183114,snapshot_446.xyz,32,10000,446
0.17707,0.18352,0.0,0.964853966870096,0.03514603312990405,snapshot_447.xyz,32,10000,447
0.176675,0.181351,0.0,0.9742157473628488,0.025784252637151228,snapshot_448.xyz,32,10000,448
0.175092,0.18089,0.0,0.9679473713306429,0.0320526286693571,snapshot_449.xyz,32,10000,449
0.176873,0.182666,0.0,0.9682863806072285,0.03171361939277151,snapshot_450.xyz,32,10000,450
0.177334,0.182863,0.0,0.9697642497388755,0.03023575026112446,snapshot_451.xyz,32,10000,451
0.176411,0.183323,0.0,0.9622960566868314,0.03770394331316862,snapshot_452.xyz,32,10000,452
0.174564,0.181877,0.0,0.9597915074473408,0.040208492552659236,snapshot_453.xyz,32,10000,453
0.175158,0.181482,0.0,0.9651535689489867,0.03484643105101326,snapshot_454.xyz,32,10000,454
0.175422,0.182797,0.0,0.9596546989283194,0.04034530107168055,snapshot_455.xyz,32,10000,455
0.175488,0.181614,0.0,0.9662691202220094,0.03373087977799061,snapshot_456.xyz,32,10000,456
0.175685,0.181745,0.0,0.9666565792731575,0.03334342072684249,snapshot_457.xyz,32,10000,457
0.17707,0.182732,0.0,0.9690147319571832,0.03098526804281676,snapshot_458.xyz,32,10000,458
0.176015,0.182272,0.0,0.9656721822331461,0.034327817766853896,snapshot_459.xyz,32,10000,459
0.176609,0.183192,0.0,0.9640650246735665,0.03593497532643353,snapshot_460.xyz,32,10000,460
0.176279,0.181285,0.0,0.9723860220095429,0.02761397799045706,snapshot_461.xyz,32,10000,461
0.175356,0.181088,0.0,0.9683468810743948,0.031653118925605184,snapshot_462.xyz,32,10000,462
0.175883,0.182009,0.0,0.9663423237312441,0.03365767626875593,snapshot_463.xyz,32,10000,463
0.175685,0.182732,0.0,0.9614353260512664,0.03856467394873364,snapshot_464.xyz,32,10000,464
0.175817,0.182535,0.0,0.9631960993782014,0.03680390062179861,snapshot_465.xyz,32,10000,465
0.176345,0.183258,0.0,0.9622772266422203,0.03772277335777974,snapshot_466.xyz,32,10000,466
0.176938,0.18214,0.0,0.9714395519929725,0.028560448007027506,snapshot_467.xyz,32,10000,467
0.178257,0.1826,0.0,0.9762157721796275,0.023784227820372483,snapshot_468.xyz,32,10000,468
0.177532,0.182732,0.0,0.9715430247575684,0.028456975242431626,snapshot_469.xyz,32,10000,469
0.17529,0.181219,0.0,0.9672826800721779,0.03271731992782212,snapshot_470.xyz,32,10000,470
0.176543,0.182797,0.0,0.9657871846912149,0.03421281530878506,snapshot_471.xyz,32,10000,471
0.175619,0.181022,0.0,0.9701527991072909,0.02984720089270909,snapshot_472.xyz,32,10000,472
0.176938,0.182337,0.0,0.970389992157379,0.029610007842621022,snapshot_473.xyz,32,10000,473
0.177729,0.183192,0.0,0.9701788287698153,0.029821171230184684,snapshot_474.xyz,32,10000,474
0.176345,0.182929,0.0,0.9640078937729939,0.035992106227006104,snapshot_475.xyz,32,10000,475
0.175883,0.181351,0.0,0.9698485257870098,0.030151474212990248,snapshot_476.xyz,32,10000,476
0.176873,0.182272,0.0,0.9703794329353933,0.029620567064606695,snapshot_477.xyz,32,10000,477
0.175158,0.181285,0.0,0.9662023885042889,0.033797611495711144,snapshot_478.xyz,32,10000,478
0.176213,0.181614,0.0,0.9702611032189149,0.0297388967810851,snapshot_479.xyz,32,10000,479
0.17463,0.181351,0.0,0.9629392724605874,0.037060727539412586,snapshot_480.xyz,32,10000,480
0.176015,0.182403,0.0,0.9649786461845474,0.03502135381545257,snapshot_481.xyz,32,10000,481
0.175488,0.182206,0.0,0.963129644468349,0.03687035553165097,snapshot_482.xyz,32,10000,482
0.176741,0.182074,0.0,0.9707097114360095,0.02929028856399052,snapshot_483.xyz,32,10000,483
0.175751,0.181877,0.0,0.9663178961605919,0.03368210383940806,snapshot_484.xyz,32,10000,484
0.176147,0.181351,0.0,0.9713042663122894,0.02869573368771061,snapshot_485.xyz,32,10000,485
0.17529,0.182535,0.0,0.9603089818390993,0.039691018160900704,snapshot_486.xyz,32,10000,486
0.17707,0.182535,0.0,0.9700605363354973,0.02993946366450273,snapshot_487.xyz,32,10000,487
0.175224,0.182074,0.0,0.9623779342465151,0.03762206575348492,snapshot_488.xyz,32,10000,488
0.176411,0.182929,0.0,0.9643686894915514,0.03563131050844859,snapshot_489.xyz,32,10000,489
0.175817,0.181548,0.0,0.9684325908299735,0.03156740917002654,snapshot_490.xyz,32,10000,490
0.17529,0.180956,0.0,0.9686885209664228,0.03131147903357723,snapshot_491.xyz,32,10000,491
0.176543,0.180956,0.0,0.9756128561639293,0.024387143836070657,snapshot_492.xyz,32,10000,492
0.1774,0.183192,0.0,0.9683828988165423,0.03161710118345773,snapshot_493.xyz,32,10000,493
0.174894,0.181482,0.0,0.9636988792276919,0.03630112077230807,snapshot_494.xyz,32,10000,494
0.177334,0.18214,0.0,0.9736137037443724,0.026386296255627606,snapshot_495.xyz,32,10000,495
0.174696,0.18168,0.0,0.9615587846763539,0.03844121532364608,snapshot_496.xyz,32,10000,496
0.175158,0.183323,0.0,0.9554611259907376,0.044538874009262375,snapshot_497.xyz,32,10000,497
0.17496,0.181219,0.0,0.9654616789630227,0.03453832103697729,snapshot_498.xyz,32,10000,498
0.176213,0.182732,0.0,0.9643248035374209,0.035675196462579106,snapshot_499.xyz,32,10000,499
0.176411,0.181219,0.0,0.9734685656581265,0.02653143434187355,snapshot_500.xyz,32,10000,500
0.175553,0.181482,0.0,0.9673300933425903,0.03266990665740965,snapshot_501.xyz,32,10000,501
0.176675,0.182863,0.0,0.9661604589228001,0.033839541077199886,snapshot_502.xyz,32,10000,502
0.174101,0.181548,0.0,0.9589805450900039,0.041019454909996145,snapshot_503.xyz,32,10000,503
0.17496,0.18168,0.0,0.963011889035667,0.036988110964332965,snapshot_504.xyz,32,10000,504
0.175949,0.181877,0.0,0.9674065439830214,0.032593456016978606,snapshot_505.xyz,32,10000,505
0.17496,0.182929,0.0,0.9564366502850833,0.04356334971491671,snapshot_506.xyz,32,10000,506
0.174035,0.181877,0.0,0.9568829483662035,0.04311705163379653,snapshot_507.xyz,32,10000,507
0.173903,0.181417,0.0,0.9585816103231781,0.041418389676821876,snapshot_508.xyz,32,10000,508
0.175553,0.182206,0.0,0.9634863835439007,0.036513616456099296,snapshot_509.xyz,32,10000,509
0.176081,0.182074,0.0,0.9670848116699802,0.03291518833001983,snapshot_510.xyz,32,10000,510
0.175158,0.182995,0.0,0.957173693270308,0.04282630672969201,snapshot_511.xyz,32,10000,511
0.174035,0.183126,0.0,0.9503565850834943,0.0496434149165057,snapshot_512.xyz,32,10000,512
0.174762,0.182403,0.0,0.9581092416243153,0.04189075837568468,snapshot_513.xyz,32,10000,513
0.174366,0.182074,0.0,0.9576655645506771,0.042334435449322916,snapshot_514.xyz,32,10000,514
0.176015,0.182929,0.0,0.9622039151802065,0.03779608481979346,snapshot_515.xyz,32,10000,515
0.173177,0.181877,0.0,0.9521654744690092,0.04783452553099077,snapshot_516.xyz,32,10000,516
0.173309,0.181614,0.0,0.9542711464975167,0.045728853502483346,snapshot_517.xyz,32,10000,517
0.176081,0.182732,0.0,0.9636024341658822,0.036397565834117795,snapshot_518.xyz,32,10000,518
0.175224,0.182929,0.0,0.9578798331593131,0.04212016684068687,snapshot_519.xyz,32,10000,519
0.174762,0.182863,0.0,0.9556990752639954,0.044300924736004554,snapshot_520.xyz,32,10000,520
0.174564,0.182797,0.0,0.9549609676307599,0.04503903236924012,snapshot_521.xyz,32,10000,521
0.176015,0.182732,0.0,0.9632412494801129,0.036758750519887085,snapshot_522.xyz,32,10000,522
0.174432,0.18214,0.0,0.9576809047985066,0.04231909520149335,snapshot_523.xyz,32,10000,523
0.175356,0.18398,0.0,0.9531253397108381,0.046874660289161874,snapshot_524.xyz,32,10000,524
0.175685,0.183126,0.0,0.9593667747889432,0.040633225211056834,snapshot_525.xyz,32,10000,525
0.174564,0.18168,0.0,0.9608322324966975,0.03916776750330253,snapshot_526.xyz,32,10000,526
0.174432,0.182469,0.0,0.955954162076846,0.044045837923153974,snapshot_527.xyz,32,10000,527
0.174035,0.182403,0.0,0.9541235615642286,0.04587643843577138,snapshot_528.xyz,32,10000,528
0.17463,0.181877,0.0,0.9601543900548173,0.039845609945182714,snapshot_529.xyz,32,10000,529
0.175619,0.181877,0.0,0.965592130945639,0.034407869054360996,snapshot_530.xyz,32,10000,530
0.173441,0.181482,0.0,0.9556925755722331,0.04430742442776692,snapshot_531.xyz,32,10000,531
0.174168,0.181285,0.0,0.960741374079488,0.03925862592051199,snapshot_532.xyz,32,10000,532
0.176675,0.183258,0.0,0.9640779665826321,0.03592203341736788,snapshot_533.xyz,32,10000,533
0.173903,0.181811,0.0,0.9565042819191358,0.043495718080864165,snapshot_534.xyz,32,10000,534
0.174101,0.181482,0.0,0.9593292998754698,0.040670700124530224,snapshot_535.xyz,32,10000,535
0.173903,0.182469,0.0,0.9530550394861593,0.04694496051384067,snapshot_536.xyz,32,10000,536
0.174828,0.182666,0.0,0.9570910842740303,0.042908915725969665,snapshot_537.xyz,32,10000,537
0.174432,0.182995,0.0,0.9532063717587913,0.046793628241208696,snapshot_538.xyz,32,10000,538
0.174366,0.182272,0.0,0.9566252633426966,0.0433747366573034,snapshot_539.xyz,32,10000,539
0.175751,0.182074,0.0,0.9652723617869656,0.03472763821303437,snapshot_540.xyz,32,10000,540
0.176015,0.183258,0.0,0.9604764867018084,0.03952351329819159,snapshot_541.xyz,32,10000,541
0.174101,0.182929,0.0,0.9517408393420398,0.04825916065796021,snapshot_542.xyz,32,10000,542
0.176213,0.183126,0.0,0.9622500354946867,0.037749964505313316,snapshot_543.xyz,32,10000,543
0.177202,0.182797,0.0,0.9693922766785014,0.030607723321498637,snapshot_544.xyz,32,10000,544
0.173969,0.181614,0.0,0.9579052275705618,0.042094772429438154,snapshot_545.xyz,32,10000,545
0.176213,0.1826,0.0,0.9650219058050383,0.03497809419496167,snapshot_546.xyz,32,10000,546
0.175356,0.18214,0.0,0.9627539255517734,0.037246074448226585,snapshot_547.xyz,32,10000,547
0.177136,0.182995,0.0,0.9679827317686276,0.03201726823137241,snapshot_548.xyz,32,10000,548
0.175422,0.182995,0.0,0.9586163556381322,0.04138364436186781,snapshot_549.xyz,32,10000,549
0.17463,0.182009,0.0,0.9594580487778077,0.040541951222192285,snapshot_550.xyz,32,10000,550
0.175092,0.182272,0.0,0.9606083216292135,0.0393916783707865,snapshot_551.xyz,32,10000,551
0.174168,0.183783,0.0,0.9476828651181012,0.05231713488189882,snapshot_552.xyz,32,10000,552
0.176609,0.182732,0.0,0.9664919116520367,0.03350808834796326,snapshot_553.xyz,32,10000,553
0.173705,0.18214,0.0,0.9536894696387395,0.04631053036126054,snapshot_554.xyz,32,10000,554
0.175619,0.182929,0.0,0.9600391408688617,0.03996085913113834,snapshot_555.xyz,32,10000,555
0.175619,0.182074,0.0,0.9645473818337598,0.035452618166240235,snapshot_556.xyz,32,10000,556
0.173705,0.181285,0.0,0.958187384505061,0.041812615494938976,snapshot_557.xyz,32,10000,557
0.174168,0.182074,0.0,0.9565780946208683,0.04342190537913171,snapshot_558.xyz,32,10000,558
0.176081,0.182403,0.0,0.965340482338558,0.03465951766144204,snapshot_559.xyz,32,10000,559
0.175619,0.182666,0.0,0.9614213920488761,0.03857860795112389,snapshot_560.xyz,32,10000,560
0.175883,0.183849,0.0,0.9566709636712737,0.04332903632872631,snapshot_561.xyz,32,10000,561
0.174366,0.183258,0.0,0.9514782437874472,0.048521756212552836,snapshot_562.xyz,32,10000,562
0.174101,0.181088,0.0,0.9614165488602227,0.03858345113977735,snapshot_563.xyz,32,10000,563
0.175751,0.182929,0.0,0.9607607323059766,0.039239267694023416,snapshot_564.xyz,32,10000,564
0.175619,0.182797,0.0,0.9607323971399969,0.03926760286000308,snapshot_565.xyz,32,10000,565
0.174498,0.182863,0.0,0.9542553715076313,0.04574462849236871,snapshot_566.xyz,32,10000,566
0.174696,0.182403,0.0,0.9577474054703047,0.04225259452969532,snapshot_567.xyz,32,10000,567
0.175356,0.1826,0.0,0.960328587075575,0.039671412924425,snapshot_568.xyz,32,10000,568
0.174498,0.181219,0.0,0.9629122774102054,0.03708772258979465,snapshot_569.xyz,32,10000,569
0.175553,0.182206,0.0,0.9634863835439007,0.036513616456099296,snapshot_570.xyz,32,10000,570
0.173705,0.180824,0.0,0.9606302260761845,0.039369773923815465,snapshot_571.xyz,32,10000,571
0.172913,0.181285,0.0,0.9538185729652205,0.046181427034779454,snapshot_572.xyz,32,10000,572
0.173243,0.180693,0.0,0.9587698471993935,0.04123015280060649,snapshot_573.xyz,32,10000,573
0.17463,0.182535,0.0,0.9566932369134686,0.043306763086531364,snapshot_574.xyz,32,10000,574
0.1743,0.182469,0.0,0.9552307515249167,0.044769248475083345,snapshot_575.xyz,32,10000,575
0.174894,0.181351,0.0,0.964395012985867,0.03560498701413295,snapshot_576.xyz,32,10000,576
0.174564,0.181943,0.0,0.9594433421456171,0.040556657854382894,snapshot_577.xyz,32,10000,577
0.176345,0.182929,0.0,0.9640078937729939,0.035992106227006104,snapshot_578.xyz,32,10000,578
0.173837,0.181285,0.0,0.9589155197617011,0.041084480238298915,snapshot_579.xyz,32,10000,579
0.176279,0.182666,0.0,0.9650345439216931,0.03496545607830692,snapshot_580.xyz,32,10000,580
0.173969,0.182469,0.0,0.9534167447621241,0.046583255237875876,snapshot_581.xyz,32,10000,581
0.175553,0.18168,0.0,0.9662758696609423,0.033724130339057745,snapshot_582.xyz,32,10000,582
0.173969,0.182403,0.0,0.9537617254102181,0.046238274589781914,snapshot_583.xyz,32,10000,583
0.174366,0.18168,0.0,0.9597424042272126,0.040257595772787425,snapshot_584.xyz,32,10000,584
0.173573,0.180824,0.0,0.9599002344821483,0.04009976551785166,snapshot_585.xyz,32,10000,585
0.175949,0.183783,0.0,0.9573736417405309,0.042626358259469144,snapshot_586.xyz,32,10000,586
0.176938,0.183783,0.0,0.9627549882198028,0.037245011780197235,snapshot_587.xyz,32,10000,587
0.175422,0.182995,0.0,0.9586163556381322,0.04138364436186781,snapshot_588.xyz,32,10000,588
0.175488,0.18214,0.0,0.96347864280224,0.03652135719775995,snapshot_589.xyz,32,10000,589
0.174828,0.183586,0.0,0.9522948372969617,0.04770516270303826,snapshot_590.xyz,32,10000,590
0.175224,0.182272,0.0,0.9613325140449438,0.0386674859550562,snapshot_591.xyz,32,10000,591
0.176213,0.183192,0.0,0.9619033582252501,0.03809664177474992,snapshot_592.xyz,32,10000,592
0.175224,0.182732,0.0,0.95891250574612,0.04108749425388003,snapshot_593.xyz,32,10000,593
0.174101,0.181153,0.0,0.9610715803768085,0.03892841962319149,snapshot_594.xyz,32,10000,594
0.176081,0.183126,0.0,0.9615292203182507,0.03847077968174928,snapshot_595.xyz,32,10000,595
0.173045,0.182797,0.0,0.9466512032473181,0.05334879675268189,snapshot_596.xyz,32,10000,596
0.174234,0.181745,0.0,0.958672865828496,0.04132713417150402,snapshot_597.xyz,32,10000,597
0.174762,0.18214,0.0,0.9594926979246734,0.0405073020753266,snapshot_598.xyz,32,10000,598
0.175224,0.182995,0.0,0.957534358862264,0.04246564113773599,snapshot_599.xyz,32,10000,599
0.175356,0.181943,0.0,0.9637963538031142,0.036203646196885764,snapshot_600.xyz,32,10000,600
0.17463,0.181745,0.0,0.9608517428264878,0.039148257173512224,snapshot_601.xyz,32,10000,601
0.173969,0.182403,0.0,0.9537617254102181,0.046238274589781914,snapshot_602.xyz,32,10000,602
0.171855,0.181943,0.0,0.9445540636353145,0.05544593636468553,snapshot_603.xyz,32,10000,603
0.172979,0.182732,0.0,0.9466267539347241,0.05337324606527594,snapshot_604.xyz,32,10000,604
0.172847,0.184572,0.0,0.9364746548772294,0.06352534512277064,snapshot_605.xyz,32,10000,605
0.173243,0.182797,0.0,0.9477343720082935,0.05226562799170653,snapshot_606.xyz,32,10000,606
0.173111,0.18352,0.0,0.9432813862249346,0.056718613775065374,snapshot_607.xyz,32,10000,607
0.171921,0.182797,0.0,0.940502305836529,0.05949769416347095,snapshot_608.xyz,32,10000,608
0.172516,0.182403,0.0,0.9457958476560144,0.05420415234398557,snapshot_609.xyz,32,10000,609
0.172186,0.1826,0.0,0.9429682365826944,0.05703176341730565,snapshot_610.xyz,32,10000,610
0.172054,0.1826,0.0,0.9422453450164293,0.057754654983570686,snapshot_611.xyz,32,10000,611
0.171393,0.181614,0.0,0.9437212990187981,0.05627870098120191,snapshot_612.xyz,32,10000,612
0.170797,0.182797,0.0,0.9343534084257401,0.0656465915742599,snapshot_613.xyz,32,10000,613
0.171062,0.182863,0.0,0.9354653483755598,0.06453465162444016,snapshot_614.xyz,32,10000,614
0.172384,0.18306,0.0,0.9416803233912379,0.05831967660876214,snapshot_615.xyz,32,10000,615
0.172516,0.18352,0.0,0.9400392327811683,0.0599607672188317,snapshot_616.xyz,32,10000,616
0.171855,0.1826,0.0,0.9411555312157721,0.05884446878422789,snapshot_617.xyz,32,10000,617
0.172384,0.183783,0.0,0.9379757648966445,0.06202423510335553,snapshot_618.xyz,32,10000,618
0.17245,0.181745,0.0,0.9488569149082505,0.051143085091749474,snapshot_619.xyz,32,10000,619
0.173375,0.182732,0.0,0.94879386204934,0.05120613795065998,snapshot_620.xyz,32,10000,620
0.171393,0.183258,0.0,0.9352552139606456,0.06474478603935441,snapshot_621.xyz,32,10000,621
0.17126,0.18306,0.0,0.9355402600240358,0.06445973997596421,snapshot_622.xyz,32,10000,622
0.172913,0.183389,0.0,0.942875526885473,0.05712447311452695,snapshot_623.xyz,32,10000,623
0.171855,0.182995,0.0,0.9391240197819614,0.06087598021803864,snapshot_624.xyz,32,10000,624
0.171525,0.181877,0.0,0.9430824128394465,0.05691758716055351,snapshot_625.xyz,32,10000,625
0.172384,0.182929,0.0,0.9423546840577491,0.05764531594225086,snapshot_626.xyz,32,10000,626
0.171987,0.183915,0.0,0.935143952369301,0.06485604763069897,snapshot_627.xyz,32,10000,627
0.172252,0.182337,0.0,0.9446903261543186,0.05530967384568142,snapshot_628.xyz,32,10000,628
0.170863,0.1826,0.0,0.935722891566265,0.06427710843373502,snapshot_629.xyz,32,10000,629
0.171855,0.182403,0.0,0.9421720037499384,0.05782799625006163,snapshot_630.xyz,32,10000,630
0.171393,0.182074,0.0,0.9413370387864274,0.05866296121357262,snapshot_631.xyz,32,10000,631
0.172648,0.182206,0.0,0.9475428910134682,0.052457108986531775,snapshot_632.xyz,32,10000,632
0.173111,0.182995,0.0,0.9459875952894887,0.054012404710511275,snapshot_633.xyz,32,10000,633
0.17245,0.184112,0.0,0.9366581211436517,0.06334187885634834,snapshot_634.xyz,32,10000,634
0.173243,0.182995,0.0,0.946708926473401,0.05329107352659901,snapshot_635.xyz,32,10000,635
0.172913,0.182403,0.0,0.947972346946048,0.05202765305395196,snapshot_636.xyz,32,10000,636
0.17212,0.182403,0.0,0.9436248307319506,0.05637516926804942,snapshot_637.xyz,32,10000,637
0.172252,0.183389,0.0,0.9392711667548217,0.060728833245178304,snapshot_638.xyz,32,10000,638
0.172384,0.181745,0.0,0.9484937687419187,0.05150623125808129,snapshot_639.xyz,32,10000,639
0.173111,0.182995,0.0,0.9459875952894887,0.054012404710511275,snapshot_640.xyz,32,10000,640
0.173375,0.182337,0.0,0.9508492516603871,0.04915074833961286,snapshot_641.xyz,32,10000,641
0.171987,0.182666,0.0,0.9415381078033132,0.05846189219668685,snapshot_642.xyz,32,10000,642
0.173111,0.182929,0.0,0.9463289035636776,0.053671096436322396,snapshot_643.xyz,32,10000,643
0.172979,0.183718,0.0,0.9415462828900816,0.058453717109918424,snapshot_644.xyz,32,10000,644
0.173243,0.183389,0.0,0.9446749805059191,0.05532501949408086,snapshot_645.xyz,32,10000,645
0.172054,0.1826,0.0,0.9422453450164293,0.057754654983570686,snapshot_646.xyz,32,10000,646
0.17245,0.182666,0.0,0.9440727885868196,0.055927211413180355,snapshot_647.xyz,32,10000,647
0.171855,0.181219,0.0,0.9483277139814259,0.0516722860185741,snapshot_648.xyz,32,10000,648
0.172252,0.182929,0.0,0.9416330926206341,0.058366907379365895,snapshot_649.xyz,32,10000,649
0.172648,0.182797,0.0,0.9444793951760697,0.055520604823930286,snapshot_650.xyz,32,10000,650
0.173573,0.182732,0.0,0.949877416106648,0.050122583893352,snapshot_651.xyz,32,10000,651
0.171921,0.181285,0.0,0.9483465261880464,0.05165347381195362,snapshot_652.xyz,32,10000,652
0.172781,0.1826,0.0,0.9462267250821467,0.05377327491785333,snapshot_653.xyz,32,10000,653
0.1704,0.182074,0.0,0.9358832123202653,0.06411678767973472,snapshot_654.xyz,32,10000,654
0.171194,0.181811,0.0,0.941604193365638,0.058395806634361946,snapshot_655.xyz,32,10000,655
0.172252,0.183849,0.0,0.9369210602178961,0.06307893978210388,snapshot_656.xyz,32,10000,656
0.171987,0.183586,0.0,0.936819801074156,0.06318019892584403,snapshot_657.xyz,32,10000,657
0.171525,0.181022,0.0,0.9475367634873111,0.052463236512688916,snapshot_658.xyz,32,10000,658
0.172714,0.183126,0.0,0.9431429725981019,0.05685702740189813,snapshot_659.xyz,32,10000,659
0.171525,0.182995,0.0,0.937320691822181,0.06267930817781897,snapshot_660.xyz,32,10000,660
0.172186,0.182797,0.0,0.9419520014004608,0.05804799859953924,snapshot_661.xyz,32,10000,661
0.172648,0.181811,0.0,0.9496015092596157,0.05039849074038427,snapshot_662.xyz,32,10000,662
0.172648,0.182863,0.0,0.9441385080634136,0.055861491936586405,snapshot_663.xyz,32,10000,663
0.172714,0.183718,0.0,0.9401038548209757,0.05989614517902431,snapshot_664.xyz,32,10000,664
0.172714,0.183192,0.0,0.9428031791781302,0.05719682082186983,snapshot_665.xyz,32,10000,665
0.172781,0.182403,0.0,0.9472486746380266,0.052751325361973356,snapshot_666.xyz,32,10000,666
0.173441,0.18398,0.0,0.9427165996303947,0.05728340036960533,snapshot_667.xyz,32,10000,667
0.171987,0.182929,0.0,0.940184443144608,0.05981555685539197,snapshot_668.xyz,32,10000,668
0.172384,0.182995,0.0,0.942014809147791,0.05798519085220899,snapshot_669.xyz,32,10000,669
0.173969,0.182206,0.0,0.9547929266873758,0.04520707331262419,snapshot_670.xyz,32,10000,670
0.173309,0.181219,0.0,0.9563511552320673,0.04364884476793274,snapshot_671.xyz,32,10000,671
0.172054,0.182732,0.0,0.9415646958387146,0.058435304161285395,snapshot_672.xyz,32,10000,672
0.172054,0.18352,0.0,0.937521795989538,0.062478204010462,snapshot_673.xyz,32,10000,673
0.173177,0.183586,0.0,0.9433017768239408,0.056698223176059215,snapshot_674.xyz,32,10000,674
0.171657,0.18306,0.0,0.9377089478859391,0.06229105211406094,snapshot_675.xyz,32,10000,675
0.172648,0.18306,0.0,0.9431224735059544,0.05687752649404565,snapshot_676.xyz,32,10000,676
0.171657,0.182469,0.0,0.9407460993374218,0.059253900662578185,snapshot_677.xyz,32,10000,677
0.170863,0.183323,0.0,0.9320325327427544,0.06796746725724556,snapshot_678.xyz,32,10000,678
0.173771,0.182797,0.0,0.9506228220375609,0.04937717796243912,snapshot_679.xyz,32,10000,679
0.170665,0.18214,0.0,0.936999011749204,0.06300098825079603,snapshot_680.xyz,32,10000,680
0.172714,0.184572,0.0,0.9357540688728517,0.06424593112714827,snapshot_681.xyz,32,10000,681
0.171789,0.182074,0.0,0.943511978646045,0.05648802135395503,snapshot_682.xyz,32,10000,682
0.172648,0.18352,0.0,0.9407585004359198,0.0592414995640802,snapshot_683.xyz,32,10000,683
0.172582,0.182863,0.0,0.9437775821243226,0.05622241787567739,snapshot_684.xyz,32,10000,684
0.172582,0.182732,0.0,0.9444541733248693,0.05554582667513075,snapshot_685.xyz,32,10000,685
0.172847,0.182666,0.0,0.9462461541830445,0.053753845816955526,snapshot_686.xyz,32,10000,686
0.171459,0.182666,0.0,0.9386475863050595,0.06135241369494049,snapshot_687.xyz,32,10000,687
0.173045,0.18214,0.0,0.9500658833864061,0.049934116613593926,snapshot_688.xyz,32,10000,688
0.171525,0.182666,0.0,0.9390089014923413,0.060991098507658714,snapshot_689.xyz,32,10000,689
0.172054,0.182337,0.0,0.9436044247739077,0.05639557522609229,snapshot_690.xyz,32,10000,690
0.171921,0.183126,0.0,0.9388126208184527,0.06118737918154726,snapshot_691.xyz,32,10000,691
0.171459,0.183323,0.0,0.9352836250770498,0.06471637492295024,snapshot_692.xyz,32,10000,692
0.171789,0.182732,0.0,0.9401144846003984,0.05988551539960163,snapshot_693.xyz,32,10000,693
0.172714,0.182666,0.0,0.9455180493359465,0.05448195066405348,snapshot_694.xyz,32,10000,694
0.172318,0.183586,0.0,0.9386227707995163,0.06137722920048372,snapshot_695.xyz,32,10000,695
0.171789,0.182206,0.0,0.9428284469227138,0.057171553077286164,snapshot_696.xyz,32,10000,696
0.172913,0.184046,0.0,0.9395096877954425,0.06049031220455747,snapshot_697.xyz,32,10000,697
0.171855,0.184177,0.0,0.9330969665050468,0.06690303349495319,snapshot_698.xyz,32,10000,698
0.172582,0.183258,0.0,0.9417433345338266,0.05825666546617336,snapshot_699.xyz,32,10000,699
0.171591,0.181614,0.0,0.9448115233407116,0.05518847665928839,snapshot_700.xyz,32,10000,700
0.171855,0.18214,0.0,0.9435324475678051,0.05646755243219492,snapshot_701.xyz,32,10000,701
0.169606,0.183915,0.0,0.9221977543974119,0.07780224560258808,snapshot_702.xyz,32,10000,702
0.163641,0.181482,0.0,0.9016927298575066,0.09830727014249341,snapshot_703.xyz,32,10000,703
0.161382,0.183783,0.0,0.8781116860645435,0.12188831393545652,snapshot_704.xyz,32,10000,704
0.156989,0.183126,0.0,0.8572731343446588,0.1427268656553412,snapshot_705.xyz,32,10000,705
0.152919,0.182666,0.0,0.8371508655141078,0.16284913448589222,snapshot_706.xyz,32,10000,706
0.151983,0.182666,0.0,0.8320267592217491,0.16797324077825093,snapshot_707.xyz,32,10000,707
0.149375,0.182732,0.0,0.8174539763150406,0.18254602368495942,snapshot_708.xyz,32,10000,708
0.147701,0.183258,0.0,0.8059729998144692,0.19402700018553076,snapshot_709.xyz,32,10000,709
0.146896,0.18536,0.0,0.7924902891670264,0.20750971083297365,snapshot_710.xyz,32,10000,710
0.144078,0.183455,0.0,0.7853588073369492,0.21464119266305082,snapshot_711.xyz,32,10000,711
0.141121,0.182469,0.0,0.7733971249910944,0.22660287500890564,snapshot_712.xyz,32,10000,712
0.142735,0.185425,0.0,0.7697721450721315,0.23022785492786846,snapshot_713.xyz,32,10000,713
0.142264,0.184243,0.0,0.7721541659655998,0.22784583403440017,snapshot_714.xyz,32,10000,714
0.142331,0.184375,0.0,0.7719647457627119,0.2280352542372881,snapshot_715.xyz,32,10000,715
0.139236,0.18306,0.0,0.7606030809570632,0.2393969190429368,snapshot_716.xyz,32,10000,716
0.140044,0.184112,0.0,0.7606456939254367,0.23935430607456332,snapshot_717.xyz,32,10000,717
0.139101,0.182797,0.0,0.7609588778809281,0.2390411221190719,snapshot_718.xyz,32,10000,718
0.138832,0.181811,0.0,0.7636061624434166,0.23639383755658339,snapshot_719.xyz,32,10000,719
0.138562,0.183126,0.0,0.7566484278584144,0.24335157214158565,snapshot_720.xyz,32,10000,720
0.137956,0.183915,0.0,0.7501073865644455,0.24989261343555447,snapshot_721.xyz,32,10000,721
0.137821,0.183455,0.0,0.7512523507127088,0.2487476492872912,snapshot_722.xyz,32,10000,722
0.136944,0.182797,0.0,0.7491589030454548,0.25084109695454515,snapshot_723.xyz,32,10000,723
0.138225,0.183455,0.0,0.7534545256329889,0.24654547436701113,snapshot_724.xyz,32,10000,724
0.136404,0.183258,0.0,0.7443276691877025,0.25567233081229745,snapshot_725.xyz,32,10000,725
0.136607,0.184309,0.0,0.741184641010477,0.258815358989523,snapshot_726.xyz,32,10000,726
0.136539,0.182732,0.0,0.7472090274281461,0.2527909725718539,snapshot_727.xyz,32,10000,727
0.137147,0.184834,0.0,0.7420009305647229,0.25799906943527706,snapshot_728.xyz,32,10000,728
0.134244,0.182206,0.0,0.7367704685904964,0.26322953140950356,snapshot_729.xyz,32,10000,729
0.134311,0.18214,0.0,0.7374052926320414,0.26259470736795865,snapshot_730.xyz,32,10000,730
0.137214,0.184112,0.0,0.7452746154514643,0.25472538454853566,snapshot_731.xyz,32,10000,731
0.134041,0.181943,0.0,0.7367197418971876,0.2632802581028124,snapshot_732.xyz,32,10000,732
0.133703,0.18306,0.0,0.7303780181361301,0.2696219818638699,snapshot_733.xyz,32,10000,733
0.134987,0.184637,0.0,0.7310939844126584,0.2689060155873416,snapshot_734.xyz,32,10000,734
0.133635,0.182666,0.0,0.7315811371574349,0.2684188628425651,snapshot_735.xyz,32,10000,735
0.131538,0.18214,0.0,0.7221807400900406,0.27781925990995937,snapshot_736.xyz,32,10000,736
0.131674,0.181219,0.0,0.7266015152936504,0.27339848470634964,snapshot_737.xyz,32,10000,737
0.131064,0.184637,0.0,0.7098468887601077,0.2901531112398923,snapshot_738.xyz,32,10000,738
0.132215,0.183652,0.0,0.7199213730316032,0.2800786269683968,snapshot_739.xyz,32,10000,739
0.130997,0.182995,0.0,0.7158501598404329,0.2841498401595671,snapshot_740.xyz,32,10000,740
0.130929,0.182206,0.0,0.7185767757373521,0.2814232242626479,snapshot_741.xyz,32,10000,741
0.130997,0.181285,0.0,0.7226025319248697,0.2773974680751303,snapshot_742.xyz,32,10000,742
0.130793,0.182403,0.0,0.717055092295631,0.282944907704369,snapshot_743.xyz,32,10000,743
0.130319,0.182272,0.0,0.7149699350421348,0.2850300649578652,snapshot_744.xyz,32,10000,744
0.130929,0.18168,0.0,0.7206571994715983,0.27934280052840166,snapshot_745.xyz,32,10000,745
0.1312,0.181877,0.0,0.7213666378926418,0.27863336210735823,snapshot_746.xyz,32,10000,746
0.131335,0.181614,0.0,0.7231546026187409,0.27684539738125913,snapshot_747.xyz,32,10000,747
0.132756,0.183389,0.0,0.7239038328362116,0.2760961671637884,snapshot_748.xyz,32,10000,748
0.131538,0.181614,0.0,0.7242723578578744,0.27572764214212564,snapshot_749.xyz,32,10000,749
0.132418,0.184637,0.0,0.7171801968186226,0.28281980318137745,snapshot_750.xyz,32,10000,750
0.129777,0.182272,0.0,0.7119963570926967,0.2880036429073033,snapshot_751.xyz,32,10000,751
0.130793,0.18352,0.0,0.7126907149084568,0.2873092850915432,snapshot_752.xyz,32,10000,752
0.133094,0.183652,0.0,0.7247075991549233,0.27529240084507667,snapshot_753.xyz,32,10000,753
0.13235,0.182732,0.0,0.7242847448722719,0.2757152551277281,snapshot_754.xyz,32,10000,754
0.132486,0.184046,0.0,0.7198526455342686,0.28014735446573136,snapshot_755.xyz,32,10000,755
0.130997,0.182666,0.0,0.7171394786112358,0.28286052138876416,snapshot_756.xyz,32,10000,756
0.1312,0.182337,0.0,0.7195467732824387,0.28045322671756134,snapshot_757.xyz,32,10000,757
0.132418,0.182272,0.0,0.7264856917134832,0.2735143082865168,snapshot_758.xyz,32,10000,758
0.133635,0.182469,0.0,0.7323709780839486,0.2676290219160514,snapshot_759.xyz,32,10000,759
0.133094,0.18168,0.0,0.7325737560546014,0.2674262439453986,snapshot_760.xyz,32,10000,760
0.133094,0.18214,0.0,0.7307236191940265,0.2692763808059735,snapshot_761.xyz,32,10000,761
0.131809,0.182074,0.0,0.72393092918264,0.27606907081736,snapshot_762.xyz,32,10000,762
0.130184,0.183192,0.0,0.7106423861303987,0.28935761386960135,snapshot_763.xyz,32,10000,763
0.130793,0.184375,0.0,0.7093857627118644,0.2906142372881356,snapshot_764.xyz,32,10000,764
0.131403,0.182337,0.0,0.72066009641488,0.27933990358511995,snapshot_765.xyz,32,10000,765
0.131674,0.182929,0.0,0.7198093249293442,0.28019067507065576,snapshot_766.xyz,32,10000,766
0.13235,0.184177,0.0,0.7186022141744083,0.2813977858255917,snapshot_767.xyz,32,10000,767
0.132283,0.183323,0.0,0.7215843074791488,0.2784156925208512,snapshot_768.xyz,32,10000,768
0.132418,0.184506,0.0,0.7176893976347652,0.28231060236523475,snapshot_769.xyz,32,10000,769
0.132147,0.184243,0.0,0.7172429888788177,0.28275701112118234,snapshot_770.xyz,32,10000,770
0.131741,0.183126,0.0,0.7194008496881927,0.28059915031180727,snapshot_771.xyz,32,10000,771
0.13059,0.182337,0.0,0.7162013195347078,0.2837986804652922,snapshot_772.xyz,32,10000,772
0.129709,0.183126,0.0,0.7083046645479069,0.29169533545209314,snapshot_773.xyz,32,10000,773
0.132283,0.181811,0.0,0.727585239616965,0.272414760383035,snapshot_774.xyz,32,10000,774
0.130455,0.180956,0.0,0.7209211078936315,0.2790788921063685,snapshot_775.xyz,32,10000,775
0.130658,0.180956,0.0,0.7220429275625013,0.2779570724374987,snapshot_776.xyz,32,10000,776
0.132147,0.183258,0.0,0.7210981239563893,0.2789018760436107,snapshot_777.xyz,32,10000,777
0.130455,0.182863,0.0,0.7134029300623964,0.2865970699376036,snapshot_778.xyz,32,10000,778
0.12998,0.183455,0.0,0.7085116241040037,0.2914883758959963,snapshot_779.xyz,32,10000,779
0.130048,0.18168,0.0,0.7158080140907089,0.28419198590929107,snapshot_780.xyz,32,10000,780
0.130793,0.182797,0.0,0.7155095543143487,0.2844904456856513,snapshot_781.xyz,32,10000,781
0.129574,0.181285,0.0,0.714753013211242,0.28524698678875804,snapshot_782.xyz,32,10000,782
0.129845,0.18306,0.0,0.709302960777887,0.290697039222113,snapshot_783.xyz,32,10000,783
0.130997,0.182797,0.0,0.7166255463711112,0.2833744536288888,snapshot_784.xyz,32,10000,784
0.1312,0.182535,0.0,0.7187662640041637,0.28123373599583634,snapshot_785.xyz,32,10000,785
0.129709,0.183652,0.0,0.7062760002613638,0.29372399973863617,snapshot_786.xyz,32,10000,786
0.131674,0.18352,0.0,0.717491281604185,0.28250871839581504,snapshot_787.xyz,32,10000,787
0.129438,0.181811,0.0,0.7119371215162998,0.28806287848370016,snapshot_788.xyz,32,10000,788
0.12998,0.181877,0.0,0.7146588078756523,0.2853411921243477,snapshot_789.xyz,32,10000,789
0.129167,0.184177,0.0,0.7013199259408069,0.29868007405919306,snapshot_790.xyz,32,10000,790
0.127471,0.182863,0.0,0.6970847027556148,0.30291529724438515,snapshot_791.xyz,32,10000,791
0.128082,0.181811,0.0,0.7044788269136631,0.29552117308633685,snapshot_792.xyz,32,10000,792
0.129913,0.18306,0.0,0.7096744236862231,0.29032557631377687,snapshot_793.xyz,32,10000,793
0.13208,0.183586,0.0,0.7194448378416655,0.28055516215833454,snapshot_794.xyz,32,10000,794
0.128557,0.180759,0.0,0.7112066342478106,0.2887933657521894,snapshot_795.xyz,32,10000,795
0.12937,0.183192,0.0,0.7061989606533038,0.2938010393466962,snapshot_796.xyz,32,10000,796
0.12815,0.182535,0.0,0.7020571397266276,0.29794286027337236,snapshot_797.xyz,32,10000,797
0.128624,0.182469,0.0,0.7049087790254782,0.2950912209745218,snapshot_798.xyz,32,10000,798
0.132689,0.184966,0.0,0.7173696787517706,0.2826303212482294,snapshot_799.xyz,32,10000,799
0.131809,0.18398,0.0,0.7164311338188933,0.28356886618110666,snapshot_800.xyz,32,10000,800
0.130455,0.181943,0.0,0.7170102724479644,0.28298972755203555,snapshot_801.xyz,32,10000,801
0.11773,0.18306,0.0,0.6431224735059543,0.3568775264940457,snapshot_802.xyz,32,10000,802
0.103227,0.17885,0.0,0.5771708135308917,0.4228291864691083,snapshot_803.xyz,32,10000,803
0.102259,0.178257,0.0,0.5736605014108843,0.4263394985891157,snapshot_804.xyz,32,10000,804
0.100874,0.177004,0.0,0.569896725497729,0.43010327450227104,snapshot_805.xyz,32,10000,805
0.0999039,0.176938,0.0,0.5646265923656874,0.43537340763431265,snapshot_806.xyz,32,10000,806
0.0987246,0.1774,0.0,0.5565084554678692,0.4434915445321308,snapshot_807.xyz,32,10000,807
0.0999732,0.177004,0.0,0.5648075749700572,0.4351924250299428,snapshot_808.xyz,32,10000,808
0.098794,0.178125,0.0,0.5546329824561403,0.44536701754385966,snapshot_809.xyz,32,10000,809
0.0997652,0.177729,0.0,0.5613332658148079,0.4386667341851921,snapshot_810.xyz,32,10000,810
0.10025,0.179508,0.0,0.5584709316576421,0.44152906834235794,snapshot_811.xyz,32,10000,811
0.0997652,0.177334,0.0,0.5625835993097771,0.4374164006902229,snapshot_812.xyz,32,10000,812
0.0996265,0.177598,0.0,0.5609663397110328,0.4390336602889672,snapshot_813.xyz,32,10000,813
0.098447,0.177729,0.0,0.5539163558001227,0.44608364419987734,snapshot_814.xyz,32,10000,814
0.098447,0.177664,0.0,0.554119011167147,0.445880988832853,snapshot_815.xyz,32,10000,815
0.0959452,0.177268,0.0,0.5412437665004399,0.4587562334995601,snapshot_816.xyz,32,10000,816
0.0995572,0.177334,0.0,0.5614106713884535,0.43858932861154654,snapshot_817.xyz,32,10000,817
0.0986552,0.178125,0.0,0.5538537543859648,0.44614624561403515,snapshot_818.xyz,32,10000,818
0.0987246,0.178191,0.0,0.554038082731451,0.44596191726854895,snapshot_819.xyz,32,10000,819
0.0990716,0.178454,0.0,0.5551660371860535,0.4448339628139465,snapshot_820.xyz,32,10000,820
0.0980304,0.176807,0.0,0.554448636083413,0.445551363916587,snapshot_821.xyz,32,10000,821
0.0983082,0.177795,0.0,0.5529300599004471,0.4470699400995529,snapshot_822.xyz,32,10000,822
0.0981693,0.176543,0.0,0.5560645281886,0.44393547181140003,snapshot_823.xyz,32,10000,823
0.0987246,0.17852,0.0,0.5530170289043244,0.44698297109567564,snapshot_824.xyz,32,10000,824
0.0974747,0.176543,0.0,0.5521300759588316,0.44786992404116843,snapshot_825.xyz,32,10000,825
0.0980999,0.177136,0.0,0.5538111959172614,0.44618880408273864,snapshot_826.xyz,32,10000,826
0.0975442,0.176741,0.0,0.551904764599046,0.448095235400954,snapshot_827.xyz,32,10000,827
0.0985164,0.17852,0.0,0.5518507730226305,0.4481492269773695,snapshot_828.xyz,32,10000,828
0.0978221,0.177334,0.0,0.5516263096755275,0.4483736903244725,snapshot_829.xyz,32,10000,829
0.0968493,0.177598,0.0,0.5453287762249575,0.45467122377504254,snapshot_830.xyz,32,10000,830
0.0974052,0.177795,0.0,0.5478511769172361,0.45214882308276394,snapshot_831.xyz,32,10000,831
0.0955973,0.175751,0.0,0.5439360231236238,0.45606397687637623,snapshot_832.xyz,32,10000,832
0.0976137,0.177664,0.0,0.5494286968659943,0.45057130313400573,snapshot_833.xyz,32,10000,833
0.0958756,0.176543,0.0,0.5430722260299191,0.4569277739700809,snapshot_834.xyz,32,10000,834
0.0971273,0.176741,0.0,0.5495459457624433,0.4504540542375567,snapshot_835.xyz,32,10000,835
0.0977526,0.177268,0.0,0.5514396281336732,0.4485603718663268,snapshot_836.xyz,32,10000,836
0.0982387,0.177334,0.0,0.5539755489641016,0.4460244510358984,snapshot_837.xyz,32,10000,837
0.0973358,0.177927,0.0,0.5470546909687681,0.45294530903123187,snapshot_838.xyz,32,10000,838
0.0976137,0.177268,0.0,0.5506560687772186,0.4493439312227814,snapshot_839.xyz,32,10000,839
0.0987246,0.178191,0.0,0.554038082731451,0.44596191726854895,snapshot_840.xyz,32,10000,840
0.0964321,0.177598,0.0,0.5429796506717418,0.4570203493282582,snapshot_841.xyz,32,10000,841
0.0957365,0.176147,0.0,0.5435034374698405,0.45649656253015947,snapshot_842.xyz,32,10000,842
0.0970578,0.178257,0.0,0.5444824046180514,0.4555175953819486,snapshot_843.xyz,32,10000,843
0.0970578,0.177004,0.0,0.5483367607511694,0.45166323924883056,snapshot_844.xyz,32,10000,844
0.0975442,0.176609,0.0,0.552317265824505,0.447682734175495,snapshot_845.xyz,32,10000,845
0.0976137,0.178257,0.0,0.5476009357276292,0.45239906427237075,snapshot_846.xyz,32,10000,846
0.0963626,0.176543,0.0,0.5458307607778276,0.45416923922217245,snapshot_847.xyz,32,10000,847
0.0969883,0.178059,0.0,0.5446975440724704,0.4553024559275296,snapshot_848.xyz,32,10000,848
0.0958756,0.177004,0.0,0.5416578156425844,0.4583421843574156,snapshot_849.xyz,32,10000,849
0.0977526,0.177729,0.0,0.5500092837972419,0.4499907162027581,snapshot_850.xyz,32,10000,850
0.0963626,0.176015,0.0,0.5474681135130529,0.4525318864869471,snapshot_851.xyz,32,10000,851
0.0968493,0.1774,0.0,0.5459374295377677,0.4540625704622323,snapshot_852.xyz,32,10000,852
0.097961,0.177004,0.0,0.5534394702944567,0.4465605297055433,snapshot_853.xyz,32,10000,853
0.0953189,0.17885,0.0,0.5329544310875035,0.4670455689124965,snapshot_854.xyz,32,10000,854
0.0970578,0.176807,0.0,0.5489477226580396,0.4510522773419604,snapshot_855.xyz,32,10000,855
0.098447,0.176741,0.0,0.5570128040465993,0.44298719595340075,snapshot_856.xyz,32,10000,856
0.0980999,0.178718,0.0,0.5489088955785092,0.4510911044214908,snapshot_857.xyz,32,10000,857
0.0969188,0.176741,0.0,0.5483662534443055,0.45163374655569455,snapshot_858.xyz,32,10000,858
0.0974747,0.179113,0.0,0.5442078464433068,0.4557921535566932,snapshot_859.xyz,32,10000,859
0.0963626,0.176938,0.0,0.5446122370547876,0.45538776294521244,snapshot_860.xyz,32,10000,860
0.0955973,0.177598,0.0,0.5382791472876947,0.46172085271230534,snapshot_861.xyz,32,10000,861
0.0965712,0.176938,0.0,0.5457911810916818,0.4542088189083182,snapshot_862.xyz,32,10000,862
0.0963626,0.178125,0.0,0.5409830175438597,0.4590169824561403,snapshot_863.xyz,32,10000,863
0.0964321,0.176807,0.0,0.545408835623024,0.454591164376976,snapshot_864.xyz,32,10000,864
0.0961539,0.176147,0.0,0.5458730492145765,0.45412695078542353,snapshot_865.xyz,32,10000,865
0.0965712,0.179179,0.0,0.5389649456688562,0.4610350543311438,snapshot_866.xyz,32,10000,866
0.0964321,0.1774,0.0,0.5435856820744082,0.45641431792559184,snapshot_867.xyz,32,10000,867
0.0971273,0.175949,0.0,0.552019619321508,0.447980380678492,snapshot_868.xyz,32,10000,868
0.0976137,0.176081,0.0,0.5543681601081321,0.44563183989186794,snapshot_869.xyz,32,10000,869
0.0980999,0.178784,0.0,0.548706260068015,0.45129373993198496,snapshot_870.xyz,32,10000,870
0.0967102,0.177334,0.0,0.5453562204653366,0.4546437795346634,snapshot_871.xyz,32,10000,871
0.0957365,0.175422,0.0,0.5457496779195312,0.4542503220804688,snapshot_872.xyz,32,10000,872
0.0944136,0.176741,0.0,0.5341918400371164,0.4658081599628836,snapshot_873.xyz,32,10000,873
0.0955973,0.17707,0.0,0.5398842265770599,0.4601157734229401,snapshot_874.xyz,32,10000,874
0.0973358,0.178586,0.0,0.5450360050619869,0.4549639949380131,snapshot_875.xyz,32,10000,875
0.0955973,0.176081,0.0,0.5429166122409573,0.45708338775904267,snapshot_876.xyz,32,10000,876
0.0943439,0.176873,0.0,0.5333991055729251,0.46660089442707486,snapshot_877.xyz,32,10000,877
0.0978915,0.17964,0.0,0.5449315297261189,0.4550684702738811,snapshot_878.xyz,32,10000,878
0.0965712,0.176609,0.0,0.5468079203211614,0.45319207967883857,snapshot_879.xyz,32,10000,879
0.0956669,0.176279,0.0,0.5427016263990606,0.4572983736009394,snapshot_880.xyz,32,10000,880
0.0978915,0.1774,0.0,0.5518122886133033,0.44818771138669666,snapshot_881.xyz,32,10000,881
0.0953885,0.177664,0.0,0.5369039310158502,0.4630960689841498,snapshot_882.xyz,32,10000,882
0.0967102,0.176807,0.0,0.546981737148416,0.453018262851584,snapshot_883.xyz,32,10000,883
0.0963626,0.176675,0.0,0.5454229517475592,0.45457704825244083,snapshot_884.xyz,32,10000,884
0.0976831,0.178257,0.0,0.5479902612520126,0.45200973874798744,snapshot_885.xyz,32,10000,885
0.0974747,0.177993,0.0,0.5476322102554594,0.4523677897445406,snapshot_886.xyz,32,10000,886
0.0962235,0.175488,0.0,0.5483195432166302,0.45168045678336977,snapshot_887.xyz,32,10000,887
0.0957365,0.176609,0.0,0.5420816606175224,0.4579183393824776,snapshot_888.xyz,32,10000,888
0.0957365,0.176807,0.0,0.541474602249911,0.45852539775008905,snapshot_889.xyz,32,10000,889
0.0955277,0.177136,0.0,0.5392901499412881,0.4607098500587119,snapshot_890.xyz,32,10000,890
0.0946922,0.177664,0.0,0.5329847352305476,0.46701526476945243,snapshot_891.xyz,32,10000,891
0.0956669,0.176609,0.0,0.5416875697161526,0.4583124302838474,snapshot_892.xyz,32,10000,892
0.0974747,0.177729,0.0,0.5484456672799599,0.4515543327200401,snapshot_893.xyz,32,10000,893
0.0968493,0.177136,0.0,0.5467510839129257,0.4532489160870743,snapshot_894.xyz,32,10000,894
0.0951797,0.17707,0.0,0.5375258372395099,0.46247416276049014,snapshot_895.xyz,32,10000,895
0.0963626,0.176411,0.0,0.5462391800964792,0.4537608199035208,snapshot_896.xyz,32,10000,896
0.0965712,0.178388,0.0,0.5413547996502007,0.4586452003497993,snapshot_897.xyz,32,10000,897
0.0958061,0.176081,0.0,0.5441024301315872,0.4558975698684128,snapshot_898.xyz,32,10000,898
0.0969188,0.178059,0.0,0.5443072240100192,0.4556927759899808,snapshot_899.xyz,32,10000,899
0.0963626,0.177861,0.0,0.5417860014280815,0.45821399857191847,snapshot_900.xyz,32,10000,900
0.0969883,0.176807,0.0,0.5485546386738082,0.45144536132619184,snapshot_901.xyz,32,10000,901
0.088896,0.171591,0.0,0.518069129499799,0.481930870500201,snapshot_902.xyz,32,10000,902
0.0886158,0.168812,0.0,0.5249378006302869,0.47506219936971306,snapshot_903.xyz,32,10000,903
0.088896,0.170334,0.0,0.5218922822219874,0.47810771777801264,snapshot_904.xyz,32,10000,904
0.0884757,0.1704,0.0,0.5192235915492958,0.48077640845070424,snapshot_905.xyz,32,10000,905
0.0881254,0.171128,0.0,0.5149677434435043,0.48503225655649573,snapshot_906.xyz,32,10000,906
0.0863018,0.169805,0.0,0.5082406289567445,0.4917593710432555,snapshot_907.xyz,32,10000,907
0.0870737,0.169739,0.0,0.5129858194050867,0.4870141805949133,snapshot_908.xyz,32,10000,908
0.0875647,0.168945,0.0,0.5183029980171061,0.4816970019828939,snapshot_909.xyz,32,10000,909
0.0870036,0.169342,0.0,0.513774491856716,0.486225508143284,snapshot_910.xyz,32,10000,910
0.0864422,0.168481,0.0,0.5130679423792593,0.48693205762074065,snapshot_911.xyz,32,10000,911
0.0877049,0.168746,0.0,0.5197450606236592,0.4802549393763408,snapshot_912.xyz,32,10000,912
0.0872842,0.169871,0.0,0.5138263741309582,0.4861736258690418,snapshot_913.xyz,32,10000,913
0.086372,0.169871,0.0,0.5084564169281396,0.4915435830718604,snapshot_914.xyz,32,10000,914
0.0866528,0.169408,0.0,0.5115035889686438,0.4884964110313562,snapshot_915.xyz,32,10000,915
0.087775,0.16954,0.0,0.5177244308127876,0.48227556918721237,snapshot_916.xyz,32,10000,916
0.0867229,0.170004,0.0,0.5101227029952237,0.48987729700477634,snapshot_917.xyz,32,10000,917
0.087214,0.167222,0.0,0.5215462080348279,0.4784537919651721,snapshot_918.xyz,32,10000,918
0.0870036,0.169673,0.0,0.5127722147896248,0.48722778521037524,snapshot_919.xyz,32,10000,919
0.0867229,0.169077,0.0,0.5129195573614389,0.4870804426385611,snapshot_920.xyz,32,10000,920
0.0875647,0.17007,0.0,0.5148744634562239,0.4851255365437761,snapshot_921.xyz,32,10000,921
0.0868633,0.170268,0.0,0.5101563417670966,0.48984365823290343,snapshot_922.xyz,32,10000,922
0.0865826,0.168547,0.0,0.5137000361916854,0.48629996380831464,snapshot_923.xyz,32,10000,923
0.086021,0.169077,0.0,0.5087681943729779,0.49123180562702207,snapshot_924.xyz,32,10000,924
0.0870036,0.168481,0.0,0.5164000688504936,0.4835999311495064,snapshot_925.xyz,32,10000,925
0.0870036,0.168481,0.0,0.5164000688504936,0.4835999311495064,snapshot_926.xyz,32,10000,926
0.0863018,0.169209,0.0,0.5100307903243917,0.4899692096756083,snapshot_927.xyz,32,10000,927
0.0871439,0.169937,0.0,0.5128012145677515,0.4871987854322485,snapshot_928.xyz,32,10000,928
0.0870737,0.168547,0.0,0.5166137635199678,0.4833862364800322,snapshot_929.xyz,32,10000,929
0.0868633,0.169739,0.0,0.5117462692722357,0.48825373072776435,snapshot_930.xyz,32,10000,930
0.0867229,0.169937,0.0,0.5103238258884175,0.4896761741115825,snapshot_931.xyz,32,10000,931
0.086372,0.169871,0.0,0.5084564169281396,0.4915435830718604,snapshot_932.xyz,32,10000,932
0.0864422,0.169606,0.0,0.5096647524262113,0.49033524757378866,snapshot_933.xyz,32,10000,933
0.0866528,0.169739,0.0,0.5105061299995877,0.48949387000041233,snapshot_934.xyz,32,10000,934
0.0879152,0.169739,0.0,0.5179434307966937,0.4820565692033063,snapshot_935.xyz,32,10000,935
0.0865124,0.169474,0.0,0.5104759432125282,0.4895240567874718,snapshot_936.xyz,32,10000,936
0.0873543,0.168812,0.0,0.5174649906404758,0.4825350093595242,snapshot_937.xyz,32,10000,937
0.0868633,0.169408,0.0,0.5127461513033623,0.4872538486966377,snapshot_938.xyz,32,10000,938
0.0871439,0.168216,0.0,0.5180476292385979,0.48195237076140207,snapshot_939.xyz,32,10000,939
0.0867931,0.168415,0.0,0.5153525517323279,0.48464744826767214,snapshot_940.xyz,32,10000,940
0.087214,0.168613,0.0,0.5172436289016861,0.48275637109831393,snapshot_941.xyz,32,10000,941
0.0870036,0.169342,0.0,0.513774491856716,0.486225508143284,snapshot_942.xyz,32,10000,942
0.0870737,0.168945,0.0,0.5153967267453905,0.4846032732546095,snapshot_943.xyz,32,10000,943
0.0852483,0.168812,0.0,0.5049895742008862,0.4950104257991138,snapshot_944.xyz,32,10000,944
0.0874244,0.170268,0.0,0.513451734912021,0.486548265087979,snapshot_945.xyz,32,10000,945
0.0868633,0.170004,0.0,0.5109485659160962,0.48905143408390384,snapshot_946.xyz,32,10000,946
0.0871439,0.170863,0.0,0.510022064461001,0.48997793553899904,snapshot_947.xyz,32,10000,947
0.0865124,0.169408,0.0,0.5106748205515679,0.4893251794484321,snapshot_948.xyz,32,10000,948
0.0876348,0.17007,0.0,0.5152866466748985,0.48471335332510146,snapshot_949.xyz,32,10000,949
0.0871439,0.170136,0.0,0.5122014153383175,0.48779858466168247,snapshot_950.xyz,32,10000,950
0.0870036,0.169739,0.0,0.5125728324074019,0.4874271675925981,snapshot_951.xyz,32,10000,951
0.0856698,0.169011,0.0,0.5068889007224382,0.4931110992775618,snapshot_952.xyz,32,10000,952
0.0871439,0.169739,0.0,0.5133993955425683,0.4866006044574317,snapshot_953.xyz,32,10000,953
0.0864422,0.169011,0.0,0.511459017460402,0.488540982539598,snapshot_954.xyz,32,10000,954
0.0871439,0.170665,0.0,0.5106137755251515,0.4893862244748485,snapshot_955.xyz,32,10000,955
0.0868633,0.169077,0.0,0.5137499482484312,0.48625005175156877,snapshot_956.xyz,32,10000,956
0.0874244,0.169342,0.0,0.5162594040462496,0.4837405959537504,snapshot_957.xyz,32,10000,957
0.087214,0.169342,0.0,0.5150169479514828,0.4849830520485172,snapshot_958.xyz,32,10000,958
0.0867931,0.168878,0.0,0.5139396487405109,0.4860603512594891,snapshot_959.xyz,32,10000,959
0.0869334,0.169474,0.0,0.5129601000743476,0.48703989992565244,snapshot_960.xyz,32,10000,960
0.087214,0.16868,0.0,0.5170381788000948,0.48296182119990516,snapshot_961.xyz,32,10000,961
0.0879852,0.169276,0.0,0.519773624140457,0.480226375859543,snapshot_962.xyz,32,10000,962
0.0866528,0.169739,0.0,0.5105061299995877,0.48949387000041233,snapshot_963.xyz,32,10000,963
0.0865124,0.168945,0.0,0.5120743437213294,0.48792565627867057,snapshot_964.xyz,32,10000,964
0.0875647,0.169871,0.0,0.5154776271405949,0.48452237285940514,snapshot_965.xyz,32,10000,965
0.0870036,0.169209,0.0,0.5141783238480223,0.4858216761519777,snapshot_966.xyz,32,10000,966
0.0868633,0.170136,0.0,0.5105521465180797,0.4894478534819203,snapshot_967.xyz,32,10000,967
0.0863018,0.16815,0.0,0.5132429378531074,0.4867570621468926,snapshot_968.xyz,32,10000,968
0.0860912,0.169739,0.0,0.5071975208997344,0.49280247910026564,snapshot_969.xyz,32,10000,969
0.0867229,0.168216,0.0,0.5155448946592477,0.4844551053407523,snapshot_970.xyz,32,10000,970
0.0874244,0.169408,0.0,0.5160582735171892,0.48394172648281075,snapshot_971.xyz,32,10000,971
0.0867229,0.169077,0.0,0.5129195573614389,0.4870804426385611,snapshot_972.xyz,32,10000,972
0.0874945,0.168746,0.0,0.5184982162540149,0.48150178374598507,snapshot_973.xyz,32,10000,973
0.086372,0.168415,0.0,0.5128521806252412,0.4871478193747588,snapshot_974.xyz,32,10000,974
0.0866528,0.1704,0.0,0.5085258215962442,0.49147417840375585,snapshot_975.xyz,32,10000,975
0.0868633,0.169408,0.0,0.5127461513033623,0.4872538486966377,snapshot_976.xyz,32,10000,976
0.0869334,0.168547,0.0,0.5157813547556468,0.4842186452443532,snapshot_977.xyz,32,10000,977
0.0874945,0.169342,0.0,0.5166733592375193,0.48332664076248066,snapshot_978.xyz,32,10000,978
0.0872842,0.169209,0.0,0.5158366280753388,0.4841633719246612,snapshot_979.xyz,32,10000,979
0.0883356,0.169143,0.0,0.522253950799028,0.47774604920097197,snapshot_980.xyz,32,10000,980
0.0872842,0.170202,0.0,0.5128271113147908,0.48717288868520925,snapshot_981.xyz,32,10000,981
0.0870737,0.16954,0.0,0.5135879438480595,0.4864120561519405,snapshot_982.xyz,32,10000,982
0.0869334,0.169276,0.0,0.513560103027009,0.48643989697299095,snapshot_983.xyz,32,10000,983
0.0874945,0.168878,0.0,0.5180929428344723,0.48190705716552773,snapshot_984.xyz,32,10000,984
0.0865826,0.169474,0.0,0.5108901660431688,0.48910983395683116,snapshot_985.xyz,32,10000,985
0.0870737,0.169209,0.0,0.5145926044122949,0.48540739558770507,snapshot_986.xyz,32,10000,986
0.0874244,0.169342,0.0,0.5162594040462496,0.4837405959537504,snapshot_987.xyz,32,10000,987
0.0876348,0.170004,0.0,0.5154866944307193,0.48451330556928074,snapshot_988.xyz,32,10000,988
0.0871439,0.169143,0.0,0.5152084331009855,0.4847915668990145,snapshot_989.xyz,32,10000,989
0.0875647,0.169739,0.0,0.5158784958082703,0.4841215041917297,snapshot_990.xyz,32,10000,990
0.0877049,0.170202,0.0,0.5152988801541698,0.4847011198458302,snapshot_991.xyz,32,10000,991
0.0870036,0.169077,0.0,0.5145797476889228,0.4854202523110772,snapshot_992.xyz,32,10000,992
0.0872842,0.169673,0.0,0.5144259840988255,0.48557401590117455,snapshot_993.xyz,32,10000,993
0.087214,0.169805,0.0,0.5136126733606196,0.48638732663938045,snapshot_994.xyz,32,10000,994
0.0870036,0.169474,0.0,0.5133743229049883,0.4866256770950117,snapshot_995.xyz,32,10000,995
0.0868633,0.169011,0.0,0.5139505712645923,0.4860494287354077,snapshot_996.xyz,32,10000,996
0.0867931,0.169276,0.0,0.5127312790944966,0.48726872090550344,snapshot_997.xyz,32,10000,997
0.0879152,0.168878,0.0,0.5205840902900318,0.47941590970996817,snapshot_998.xyz,32,10000,998
0.0875647,0.16954,0.0,0.5164840155715466,0.48351598442845345,snapshot_999.xyz,32,10000,999
0.0879152,0.170004,0.0,0.5171360673866497,0.48286393261335026,snapshot_1000.xyz,32,10000,1000
0.0874244,0.16954,0.0,0.5156564822460776,0.48434351775392237,snapshot_1001.xyz,32,10000,1001
